nameWithOwner,createdAt,pullRequests/totalCount,releases/totalCount,updatedAt,primaryLanguage/name,closedIssues/totalCount,totalIssues/totalCount
freeCodeCamp/freeCodeCamp,2014-12-24T17:49:19Z,12514,0,2020-03-04T23:47:08Z,JavaScript,14057,14223
996icu/996.ICU,2019-03-26T07:31:14Z,1020,0,2020-03-04T22:44:38Z,Rust,0,0
vuejs/vue,2013-07-29T03:24:51Z,949,208,2020-03-04T23:39:32Z,JavaScript,8534,8829
facebook/react,2013-05-24T16:15:54Z,6401,89,2020-03-04T23:42:06Z,JavaScript,8388,8851
tensorflow/tensorflow,2015-11-07T01:19:20Z,9250,99,2020-03-04T23:45:22Z,C++,20253,23423
twbs/bootstrap,2011-07-29T21:19:00Z,5487,57,2020-03-04T23:26:09Z,JavaScript,18782,19117
ohmyzsh/ohmyzsh,2009-08-28T18:15:37Z,2200,0,2020-03-04T22:17:40Z,Shell,3013,3217
airbnb/javascript,2012-11-01T23:13:50Z,721,0,2020-03-04T23:47:16Z,JavaScript,880,959
CyC2018/CS-Notes,2018-02-13T14:56:24Z,355,0,2020-03-04T22:44:33Z,Java,360,378
microsoft/vscode,2015-09-03T20:23:38Z,4818,3,2020-03-04T23:49:25Z,TypeScript,79492,84069
d3/d3,2010-09-27T17:22:42Z,433,153,2020-03-04T23:20:11Z,JavaScript,2027,2030
flutter/flutter,2015-03-06T22:54:58Z,13694,0,2020-03-04T23:44:38Z,Dart,25738,33104
torvalds/linux,2011-09-04T22:48:12Z,9,0,2020-03-04T23:32:19Z,C,0,0
facebook/react-native,2015-01-09T18:10:16Z,610,138,2020-03-04T23:19:48Z,JavaScript,18139,18858
donnemartin/system-design-primer,2017-02-26T16:15:28Z,151,0,2020-03-04T23:03:49Z,Python,30,110
electron/electron,2013-04-12T01:47:36Z,8486,528,2020-03-04T22:28:19Z,C++,11383,12490
vinta/awesome-python,2014-06-27T21:00:06Z,453,0,2020-03-04T23:10:36Z,Python,160,162
jackfrued/Python-100-Days,2018-03-01T16:05:52Z,12,0,2020-03-04T21:17:15Z,Jupyter Notebook,55,291
facebook/create-react-app,2016-07-17T14:55:11Z,1709,73,2020-03-04T23:45:46Z,JavaScript,5073,5505
public-apis/public-apis,2016-03-20T23:49:42Z,771,0,2020-03-04T23:40:54Z,Python,119,122
Snailclimb/JavaGuide,2018-05-07T13:27:00Z,247,0,2020-03-04T22:58:51Z,Java,280,304
axios/axios,2014-08-18T22:30:27Z,302,22,2020-03-04T22:39:51Z,JavaScript,1897,2155
golang/go,2014-08-19T04:33:40Z,0,0,2020-03-04T23:31:41Z,Go,31079,36490
nodejs/node,2014-11-26T19:57:11Z,2233,148,2020-03-04T23:38:53Z,JavaScript,10264,11209
TheAlgorithms/Python,2016-07-16T09:44:01Z,858,0,2020-03-04T23:25:36Z,Python,216,230
daneden/animate.css,2011-10-12T10:07:38Z,136,19,2020-03-04T23:39:14Z,CSS,672,692
kubernetes/kubernetes,2014-06-06T22:56:04Z,41847,374,2020-03-04T23:26:29Z,Go,31776,33873
trekhleb/javascript-algorithms,2018-03-24T07:47:04Z,142,0,2020-03-04T23:41:44Z,JavaScript,74,123
ytdl-org/youtube-dl,2010-10-31T14:35:07Z,1403,288,2020-03-04T23:24:47Z,Python,16784,19416
FortAwesome/Font-Awesome,2012-02-17T14:19:43Z,175,35,2020-03-04T20:02:24Z,JavaScript,10454,15607
tensorflow/models,2016-02-05T01:15:20Z,1877,10,2020-03-04T23:24:36Z,Python,4040,5107
angular/angular.js,2010-01-06T00:34:37Z,770,0,2020-03-04T23:39:11Z,JavaScript,8588,8978
puppeteer/puppeteer,2017-05-09T22:16:13Z,1380,36,2020-03-04T22:53:14Z,JavaScript,2870,3715
mrdoob/three.js,2010-03-23T18:58:01Z,6774,106,2020-03-04T22:32:59Z,JavaScript,9032,9511
angular/angular,2014-09-18T16:12:01Z,2911,0,2020-03-04T22:43:51Z,TypeScript,17314,20189
microsoft/TypeScript,2014-06-17T15:28:39Z,9016,98,2020-03-04T23:15:51Z,TypeScript,21240,25384
microsoft/terminal,2017-08-11T18:38:22Z,811,18,2020-03-04T23:10:17Z,C++,2955,3812
laravel/laravel,2011-06-08T03:06:08Z,1215,33,2020-03-04T23:40:45Z,PHP,0,0
ant-design/ant-design,2015-04-24T15:37:24Z,4697,322,2020-03-04T23:44:57Z,TypeScript,15425,15874
moby/moby,2013-01-18T18:10:57Z,16116,80,2020-03-04T21:25:10Z,Go,16395,20013
iluwatar/java-design-patterns,2014-08-09T16:45:18Z,433,0,2020-03-04T23:08:15Z,Java,368,527
mui-org/material-ui,2014-08-18T19:11:54Z,7428,250,2020-03-04T23:33:34Z,JavaScript,10276,10628
30-seconds/30-seconds-of-code,2017-11-29T17:35:03Z,637,4,2020-03-04T23:22:05Z,JavaScript,217,223
webpack/webpack,2012-03-10T10:08:14Z,2712,214,2020-03-04T19:54:37Z,JavaScript,6560,6931
jquery/jquery,2009-04-03T15:20:14Z,444,0,2020-03-04T19:54:42Z,JavaScript,1897,1967
avelino/awesome-go,2014-07-06T13:42:15Z,2024,0,2020-03-04T21:33:53Z,Go,203,213
reduxjs/redux,2015-05-29T23:53:15Z,1258,61,2020-03-04T19:15:25Z,TypeScript,1718,1747
nvbn/thefuck,2015-04-08T15:08:04Z,407,14,2020-03-04T20:20:47Z,Python,341,522
atom/atom,2012-01-20T18:18:21Z,3552,506,2020-03-04T23:45:52Z,JavaScript,14982,15468
apple/swift,2015-10-23T21:15:07Z,26402,19,2020-03-04T23:34:21Z,C++,0,0
hakimel/reveal.js,2011-06-07T18:54:22Z,324,28,2020-03-04T23:29:37Z,JavaScript,1299,1759
MisterBooo/LeetCodeAnimation,2018-12-06T08:01:22Z,4,0,2020-03-04T22:58:46Z,Java,26,27
PanJiaChen/vue-element-admin,2017-04-17T03:35:49Z,284,45,2020-03-04T22:15:21Z,Vue,2008,2577
pallets/flask,2010-04-06T11:11:59Z,1004,9,2020-03-04T23:48:35Z,Python,1856,1878
socketio/socket.io,2010-03-11T18:24:48Z,376,18,2020-03-04T23:26:26Z,JavaScript,2352,2806
shadowsocks/shadowsocks-windows,2013-01-14T07:54:16Z,197,44,2020-03-04T17:03:15Z,C#,2396,2444
django/django,2012-04-28T02:47:18Z,5257,0,2020-03-04T23:29:49Z,Python,0,0
expressjs/express,2009-06-26T18:56:01Z,193,140,2020-03-04T19:53:40Z,JavaScript,3115,3232
chartjs/Chart.js,2013-03-17T23:56:36Z,1508,43,2020-03-04T23:39:26Z,JavaScript,4638,4997
Semantic-Org/Semantic-UI,2013-04-08T23:32:04Z,346,153,2020-03-04T20:18:03Z,JavaScript,5206,6077
elastic/elasticsearch,2010-02-08T13:20:56Z,23956,20,2020-03-04T22:42:11Z,Java,20645,22870
keras-team/keras,2015-03-28T00:35:42Z,2402,22,2020-03-04T23:29:33Z,Python,7108,9953
chrislgarry/Apollo-11,2014-04-03T15:45:02Z,221,0,2020-03-04T23:20:41Z,Assembly,263,359
storybookjs/storybook,2016-03-18T04:23:44Z,3952,461,2020-03-04T23:47:20Z,TypeScript,4433,4937
jakubroztocil/httpie,2012-02-25T12:39:13Z,112,32,2020-03-04T23:17:50Z,Python,454,592
typicode/json-server,2013-11-27T13:21:13Z,90,7,2020-03-04T23:04:32Z,JavaScript,388,839
spring-projects/spring-boot,2012-10-19T15:02:57Z,41,50,2020-03-04T22:47:05Z,Java,15833,16255
zeit/next.js,2016-10-05T23:32:51Z,3891,582,2020-03-04T22:45:55Z,JavaScript,5521,5828
denoland/deno,2018-05-15T01:34:26Z,1995,70,2020-03-04T23:45:31Z,TypeScript,1225,1556
netdata/netdata,2013-06-17T18:39:10Z,3082,28,2020-03-04T22:42:20Z,C,4215,4850
rails/rails,2008-04-11T02:19:47Z,16549,15,2020-03-04T23:35:29Z,Ruby,13114,13504
tonsky/FiraCode,2014-11-11T19:32:38Z,81,20,2020-03-04T22:47:10Z,Clojure,604,832
h5bp/html5-boilerplate,2010-01-24T18:03:24Z,318,29,2020-03-04T22:31:40Z,JavaScript,1153,1155
adam-p/markdown-here,2012-05-13T03:27:22Z,20,11,2020-03-04T23:43:16Z,JavaScript,287,535
ElemeFE/element,2016-09-03T06:19:26Z,3040,126,2020-03-04T21:10:51Z,Vue,13323,14613
resume/resume.github.com,2011-02-06T13:39:55Z,84,0,2020-03-04T21:47:54Z,JavaScript,54,83
h5bp/Front-end-Developer-Interview-Questions,2012-02-09T23:34:10Z,321,0,2020-03-04T17:41:45Z,HTML,92,97
lodash/lodash,2012-04-07T04:11:46Z,563,2,2020-03-04T22:30:52Z,JavaScript,3573,3608
josephmisiti/awesome-machine-learning,2014-07-15T19:11:19Z,570,0,2020-03-04T22:40:58Z,Python,61,61
moment/moment,2011-03-01T02:46:06Z,601,0,2020-03-04T18:03:30Z,JavaScript,3224,3576
rust-lang/rust,2010-06-16T20:39:03Z,27017,0,2020-03-04T23:25:59Z,Rust,28021,33273
gatsbyjs/gatsby,2015-05-21T22:43:05Z,10415,74,2020-03-04T23:42:47Z,JavaScript,9038,9632
opencv/opencv,2012-07-19T09:40:17Z,8354,42,2020-03-04T23:13:19Z,C++,4599,6307
bitcoin/bitcoin,2010-12-19T15:16:43Z,8379,30,2020-03-04T21:56:13Z,C++,4493,5260
kdn251/interviews,2017-02-14T18:19:25Z,42,0,2020-03-04T19:12:26Z,Java,15,39
ansible/ansible,2012-03-06T14:58:02Z,30525,3,2020-03-04T23:26:28Z,Python,22064,26413
gohugoio/hugo,2013-07-04T15:26:26Z,1035,116,2020-03-04T21:47:25Z,Go,4005,4431
ReactiveX/RxJava,2013-01-08T20:11:48Z,2840,193,2020-03-04T22:46:57Z,Java,2873,2880
psf/requests,2011-02-13T18:38:17Z,1328,0,2020-03-04T23:16:42Z,Python,2862,3078
awesome-selfhosted/awesome-selfhosted,2015-06-01T02:33:17Z,1218,0,2020-03-04T20:48:21Z,JavaScript,433,497
meteor/meteor,2012-01-19T01:58:17Z,1169,0,2020-03-04T23:39:17Z,JavaScript,8149,8264
antirez/redis,2009-03-21T22:32:25Z,946,0,2020-03-04T19:01:52Z,C,2304,4022
ionic-team/ionic,2013-08-20T23:06:02Z,2217,197,2020-03-04T23:39:34Z,TypeScript,16176,16982
goldbergyoni/nodebestpractices,2017-09-15T08:33:19Z,390,0,2020-03-04T22:43:31Z,JavaScript,152,172
protocolbuffers/protobuf,2014-08-26T15:52:15Z,2536,45,2020-03-04T21:48:15Z,C++,2959,3788
nvm-sh/nvm,2010-04-15T17:47:47Z,544,52,2020-03-04T21:47:31Z,Shell,1099,1350
yangshun/tech-interview-handbook,2016-07-05T05:00:48Z,104,0,2020-03-04T23:19:16Z,JavaScript,0,0
jekyll/jekyll,2008-10-20T06:29:03Z,2678,93,2020-03-04T22:41:48Z,Ruby,4032,4115
google/material-design-icons,2014-10-08T18:01:28Z,23,14,2020-03-04T18:23:59Z,CSS,304,855
apache/incubator-echarts,2013-04-03T03:18:59Z,426,68,2020-03-04T23:20:13Z,JavaScript,8887,11564
ReactTraining/react-router,2014-05-16T22:22:51Z,1133,146,2020-03-04T18:23:37Z,JavaScript,5283,5307
scikit-learn/scikit-learn,2010-08-17T09:43:38Z,5901,17,2020-03-04T23:42:49Z,Python,5765,7202
doocs/advanced-java,2018-10-06T11:38:30Z,44,0,2020-03-04T23:04:04Z,Java,76,86
kelseyhightower/nocode,2018-02-06T23:54:00Z,1,1,2020-03-04T23:46:42Z,Dockerfile,387,3406
jgthms/bulma,2016-01-23T23:48:34Z,495,10,2020-03-04T20:03:44Z,CSS,1759,1951
thedaviddias/Front-End-Checklist,2017-10-16T10:12:36Z,141,1,2020-03-04T22:34:32Z,JavaScript,93,104
yarnpkg/yarn,2016-01-19T17:39:16Z,1647,135,2020-03-04T16:08:38Z,JavaScript,3652,5644
necolas/normalize.css,2011-05-04T10:20:25Z,56,0,2020-03-04T21:31:14Z,CSS,433,452
gothinkster/realworld,2016-02-26T20:49:53Z,123,0,2020-03-04T23:17:47Z,JavaScript,135,321
NARKOZ/hacker-scripts,2015-11-21T19:05:09Z,60,0,2020-03-04T20:49:12Z,JavaScript,24,54
Dogfalo/materialize,2014-09-12T19:35:38Z,449,41,2020-03-04T19:31:07Z,JavaScript,4534,5095
FreeCodeCampChina/freecodecamp.cn,2016-09-30T03:13:43Z,55,0,2020-03-04T08:33:58Z,CSS,442,584
nwjs/nw.js,2012-01-04T06:21:10Z,554,0,2020-03-04T20:48:00Z,JavaScript,5850,6590
pytorch/pytorch,2016-08-13T05:26:41Z,3978,25,2020-03-04T23:49:55Z,C++,8926,12856
aymericdamien/TensorFlow-Examples,2015-11-11T14:21:19Z,71,0,2020-03-04T22:16:03Z,Jupyter Notebook,57,201
jaywcjlove/awesome-mac,2016-07-17T15:33:47Z,456,0,2020-03-04T20:12:22Z,JavaScript,206,253
scrapy/scrapy,2010-02-22T02:01:14Z,1414,12,2020-03-04T23:20:11Z,Python,1693,2120
square/okhttp,2012-07-23T13:42:55Z,2288,0,2020-03-04T21:07:44Z,Java,2826,2984
google/guava,2014-05-29T16:23:17Z,177,28,2020-03-04T22:47:02Z,Java,2466,3087
babel/babel,2014-09-28T13:38:23Z,3252,195,2020-03-04T23:46:17Z,JavaScript,6308,6927
gin-gonic/gin,2014-06-16T23:57:25Z,595,9,2020-03-04T23:11:42Z,Go,1137,1333
android/architecture-samples,2016-02-05T13:42:07Z,171,0,2020-03-04T23:46:59Z,Kotlin,269,376
impress/impress.js,2011-12-28T22:23:19Z,88,13,2020-03-04T14:14:26Z,JavaScript,387,434
spring-projects/spring-framework,2010-12-08T04:04:45Z,491,170,2020-03-04T23:45:02Z,Java,18320,19210
prettier/prettier,2016-11-29T17:13:37Z,3054,61,2020-03-04T22:39:56Z,JavaScript,3337,3980
neovim/neovim,2014-01-31T13:39:22Z,4150,20,2020-03-04T23:44:29Z,Vim script,4543,5320
square/retrofit,2010-09-06T21:39:43Z,688,27,2020-03-04T20:27:17Z,Java,2238,2327
parcel-bundler/parcel,2017-08-07T16:36:47Z,1035,0,2020-03-04T23:34:00Z,JavaScript,2256,2778
minimaxir/big-list-of-naughty-strings,2015-08-08T20:57:20Z,84,0,2020-03-04T15:58:24Z,Python,27,71
x64dbg/x64dbg,2015-04-11T20:48:23Z,427,2,2020-03-04T19:15:37Z,C++,1395,1760
serverless/serverless,2015-04-21T03:48:40Z,2621,150,2020-03-04T21:26:15Z,JavaScript,3480,4187
juliangarnier/anime,2016-03-13T21:37:45Z,64,12,2020-03-04T21:49:53Z,JavaScript,395,520
vsouza/awesome-ios,2014-07-10T16:03:45Z,2078,0,2020-03-04T20:21:45Z,Swift,429,429
astaxie/build-web-application-with-golang,2012-08-02T11:49:35Z,727,0,2020-03-04T23:24:12Z,Go,168,271
grafana/grafana,2013-12-11T15:59:56Z,5956,163,2020-03-04T23:45:28Z,TypeScript,12704,15128
gogs/gogs,2014-02-12T01:57:08Z,954,56,2020-03-04T20:31:39Z,Go,3818,4468
ryanmcdermott/clean-code-javascript,2016-11-25T22:25:41Z,137,0,2020-03-04T22:07:54Z,JavaScript,61,88
fatedier/frp,2015-12-21T15:24:59Z,225,51,2020-03-04T20:09:45Z,Go,1275,1335
ColorlibHQ/AdminLTE,2013-12-25T02:52:40Z,256,65,2020-03-04T22:30:10Z,JavaScript,1993,2080
tesseract-ocr/tesseract,2014-08-12T18:04:59Z,988,8,2020-03-04T23:20:14Z,C++,1502,1773
Alamofire/Alamofire,2014-07-31T05:56:19Z,412,74,2020-03-04T23:10:03Z,Swift,2254,2279
ripienaar/free-for-dev,2015-03-18T21:06:26Z,1046,0,2020-03-04T23:05:25Z,HTML,0,0
TryGhost/Ghost,2013-05-04T11:09:13Z,4689,296,2020-03-04T23:39:44Z,JavaScript,5618,5666
zeit/hyper,2016-07-01T06:01:21Z,1066,64,2020-03-04T22:22:06Z,TypeScript,2193,2933
AFNetworking/AFNetworking,2011-05-31T21:28:44Z,670,38,2020-03-04T08:48:04Z,Objective-C,2634,2999
ageitgey/face_recognition,2017-03-03T21:52:39Z,75,2,2020-03-04T23:27:57Z,Python,488,933
shadowsocks/shadowsocks,2012-04-20T13:10:49Z,70,2,2020-03-04T23:20:12Z,Python,0,0
bailicangdu/vue2-elm,2016-12-23T01:49:20Z,19,0,2020-03-04T19:46:19Z,Vue,424,486
home-assistant/core,2013-09-17T07:29:48Z,15811,528,2020-03-04T23:32:51Z,Python,12155,13000
Unitech/pm2,2013-05-21T03:25:25Z,487,103,2020-03-04T23:27:49Z,JavaScript,3077,3872
gulpjs/gulp,2013-07-04T05:26:06Z,379,22,2020-03-04T23:39:32Z,JavaScript,1763,1789
git/git,2008-07-23T14:21:26Z,2,0,2020-03-04T22:13:45Z,C,0,0
google/material-design-lite,2015-01-14T22:01:33Z,655,14,2020-03-04T13:02:36Z,HTML,1786,2142
apache/dubbo,2012-06-19T07:56:02Z,1490,23,2020-03-04T12:15:47Z,Java,2791,3249
leonardomso/33-js-concepts,2018-09-04T13:27:04Z,88,0,2020-03-04T20:03:38Z,JavaScript,22,22
soimort/you-get,2012-08-20T15:53:36Z,500,102,2020-03-04T23:30:38Z,Python,0,0
sveltejs/svelte,2016-11-20T18:13:05Z,1606,0,2020-03-04T22:37:05Z,JavaScript,2156,2559
adobe/brackets,2011-12-07T21:14:40Z,4323,68,2020-03-04T23:47:58Z,JavaScript,6981,9445
JetBrains/kotlin,2012-02-13T17:29:58Z,1249,139,2020-03-04T21:54:34Z,Kotlin,0,0
blueimp/jQuery-File-Upload,2010-12-01T15:35:32Z,113,0,2020-03-04T23:20:11Z,PHP,3151,3196
macrozheng/mall,2018-04-04T01:11:44Z,0,0,2020-03-04T23:06:16Z,Java,227,238
syncthing/syncthing,2013-11-26T09:48:21Z,1329,189,2020-03-04T21:12:53Z,Go,3703,3962
discourse/discourse,2013-01-12T00:25:55Z,7152,0,2020-03-04T22:56:38Z,Ruby,0,0
PhilJay/MPAndroidChart,2014-04-25T14:29:47Z,189,44,2020-03-04T22:07:36Z,Java,2765,4381
BVLC/caffe,2013-09-12T18:39:48Z,1087,14,2020-03-04T20:17:15Z,C++,3857,4683
facebook/jest,2013-12-10T00:18:04Z,3482,87,2020-03-04T22:32:30Z,TypeScript,4306,5128
etcd-io/etcd,2013-07-06T21:57:21Z,5753,172,2020-03-04T22:49:54Z,Go,4256,4760
mozilla/pdf.js,2011-04-26T06:32:03Z,4208,31,2020-03-04T22:12:41Z,JavaScript,6024,6615
hexojs/hexo,2012-09-23T15:17:08Z,546,92,2020-03-04T23:43:42Z,JavaScript,3195,3392
python/cpython,2017-02-10T19:23:51Z,15105,0,2020-03-04T22:52:01Z,Python,0,0
XX-net/XX-Net,2015-01-15T09:35:51Z,355,287,2020-03-04T14:19:23Z,Python,4855,12282
sahat/hackathon-starter,2013-11-13T17:24:12Z,290,13,2020-03-04T19:55:30Z,JavaScript,539,548
alvarotrigo/fullPage.js,2013-09-20T11:58:29Z,248,66,2020-03-04T21:50:32Z,JavaScript,3292,3440
prometheus/prometheus,2012-11-24T11:14:12Z,2878,132,2020-03-04T23:29:41Z,Go,2849,3203
deepfakes/faceswap,2017-12-19T09:44:13Z,295,2,2020-03-04T21:03:25Z,Python,560,570
immutable-js/immutable-js,2014-07-02T06:02:29Z,379,57,2020-03-04T23:37:18Z,JavaScript,1021,1161
slatedocs/slate,2013-09-13T22:15:24Z,169,15,2020-03-04T19:37:57Z,JavaScript,502,541
shadowsocks/shadowsocks-android,2012-12-16T13:40:29Z,219,162,2020-03-04T15:11:25Z,Kotlin,2098,2110
pixijs/pixi.js,2013-01-21T22:40:50Z,1749,106,2020-03-04T20:01:30Z,TypeScript,3873,3954
algorithm-visualizer/algorithm-visualizer,2016-05-15T00:27:45Z,178,0,2020-03-04T18:40:58Z,JavaScript,56,68
koajs/koa,2013-07-20T18:53:45Z,371,0,2020-03-04T23:13:15Z,JavaScript,746,787
foundation/foundation-sites,2011-10-13T23:05:42Z,2883,69,2020-03-04T23:32:07Z,HTML,7666,7911
v2ray/v2ray-core,2015-09-04T11:42:53Z,159,234,2020-03-04T23:26:30Z,Go,1829,1988
mermaid-js/mermaid,2014-11-01T23:52:32Z,323,44,2020-03-04T21:17:29Z,JavaScript,801,930
bumptech/glide,2013-07-08T22:52:33Z,314,35,2020-03-04T22:15:59Z,Java,3492,3637
godotengine/godot,2014-01-04T16:05:36Z,11420,25,2020-03-04T22:37:32Z,C++,16196,21735
testerSunshine/12306,2017-05-17T12:23:40Z,31,1,2020-03-04T17:09:04Z,Python,455,628
styled-components/styled-components,2016-08-16T06:41:32Z,744,102,2020-03-04T21:48:40Z,JavaScript,1936,2024
cdr/code-server,2019-02-27T16:50:41Z,152,35,2020-03-04T22:54:38Z,TypeScript,1087,1133
airbnb/lottie-android,2016-10-06T22:42:42Z,363,24,2020-03-04T21:21:13Z,Java,1068,1097
fastlane/fastlane,2014-12-02T17:00:38Z,4842,424,2020-03-04T23:04:41Z,Ruby,10123,10272
zenorocha/clipboard.js,2015-09-18T23:04:55Z,66,36,2020-03-04T20:13:48Z,JavaScript,508,517
azl397985856/leetcode,2018-03-30T09:13:51Z,136,17,2020-03-04T22:27:34Z,JavaScript,109,137
Avik-Jain/100-Days-Of-ML-Code,2018-07-05T09:11:43Z,6,0,2020-03-04T16:27:54Z,Python,0,0
exacity/deeplearningbook-chinese,2016-12-07T11:46:51Z,16,7,2020-03-04T20:30:31Z,TeX,130,174
apache/incubator-superset,2015-07-21T18:55:34Z,3926,11,2020-03-04T23:28:15Z,JavaScript,4059,4236
containous/traefik,2015-09-13T19:04:02Z,2521,279,2020-03-04T20:56:22Z,Go,3003,3471
jashkenas/backbone,2010-09-30T19:41:28Z,850,0,2020-03-04T21:33:46Z,JavaScript,2328,2382
huginn/huginn,2013-03-10T06:00:31Z,860,0,2020-03-04T20:26:44Z,Ruby,1267,1613
521xueweihan/HelloGitHub,2016-05-04T06:24:11Z,12,9,2020-03-04T16:52:37Z,Python,1075,1085
videojs/video.js,2010-05-14T18:45:10Z,1248,206,2020-03-04T19:57:05Z,JavaScript,3710,3901
junegunn/fzf,2013-10-23T16:04:23Z,217,0,2020-03-04T23:46:39Z,Go,1341,1498
ariya/phantomjs,2010-12-27T08:18:58Z,560,0,2020-03-04T16:41:52Z,C++,4663,4695
chinese-poetry/chinese-poetry,2016-09-02T03:32:25Z,67,1,2020-03-04T23:43:30Z,JavaScript,67,112
Leaflet/Leaflet,2010-09-22T16:57:44Z,2046,21,2020-03-04T23:39:12Z,JavaScript,3803,4209
shadowsocks/ShadowsocksX-NG,2016-06-10T11:49:00Z,58,26,2020-03-04T22:22:20Z,Swift,967,1160
DefinitelyTyped/DefinitelyTyped,2012-10-05T16:39:45Z,30485,1,2020-03-04T23:45:29Z,TypeScript,3183,6323
photonstorm/phaser,2013-04-12T12:27:51Z,1200,93,2020-03-04T20:10:35Z,JavaScript,3012,3187
php/php-src,2011-06-16T01:52:25Z,615,0,2020-03-04T23:20:11Z,C,0,0
jondot/awesome-react-native,2015-03-26T19:58:06Z,800,0,2020-03-04T16:28:01Z,JavaScript,33,50
caddyserver/caddy,2015-01-13T19:45:03Z,882,62,2020-03-04T21:40:26Z,Go,1862,1966
Blankj/AndroidUtilCode,2016-07-30T18:18:32Z,64,112,2020-03-04T16:41:49Z,Java,973,1018
isocpp/CppCoreGuidelines,2015-08-19T20:22:52Z,625,4,2020-03-04T20:23:57Z,Python,625,778
caolan/async,2010-06-01T21:01:30Z,408,7,2020-03-04T20:55:17Z,JavaScript,1041,1045
tastejs/todomvc,2011-06-03T19:56:33Z,714,5,2020-03-04T23:26:27Z,JavaScript,618,733
certbot/certbot,2014-11-12T02:52:20Z,2818,5,2020-03-04T22:05:03Z,Python,3747,4282
Genymobile/scrcpy,2017-11-21T18:00:27Z,22,15,2020-03-04T23:25:41Z,C,642,1096
tldr-pages/tldr,2013-12-08T07:34:43Z,2901,0,2020-03-04T19:26:16Z,Shell,427,497
iamkun/dayjs,2018-04-10T09:26:44Z,362,72,2020-03-04T23:04:23Z,JavaScript,293,349
Solido/awesome-flutter,2017-05-07T11:45:27Z,303,0,2020-03-04T23:47:19Z,Dart,0,0
bilibili/ijkplayer,2013-06-03T04:12:04Z,28,0,2020-03-04T19:12:57Z,C,2406,4792
open-guides/og-aws,2016-07-13T17:30:16Z,467,0,2020-03-04T21:41:29Z,Shell,79,199
bayandin/awesome-awesomeness,2014-07-08T05:44:19Z,163,0,2020-03-04T13:05:39Z,Ruby,48,54
nuxt/nuxt.js,2016-10-26T11:18:47Z,1638,121,2020-03-04T23:31:25Z,JavaScript,4680,4943
floodsung/Deep-Learning-Papers-Reading-Roadmap,2016-10-14T11:49:48Z,22,0,2020-03-04T21:45:54Z,Python,3,41
quilljs/quill,2012-07-30T23:23:18Z,192,82,2020-03-04T21:11:31Z,JavaScript,1796,2520
JuliaLang/julia,2011-04-21T07:01:50Z,13961,84,2020-03-04T22:49:56Z,Julia,14515,17343
RocketChat/Rocket.Chat,2015-05-19T07:36:09Z,5148,330,2020-03-04T23:15:54Z,JavaScript,8210,10233
preactjs/preact,2015-09-11T02:40:18Z,798,126,2020-03-04T22:57:00Z,JavaScript,1039,1128
proxyee-down-org/proxyee-down,2017-10-25T10:07:27Z,16,49,2020-03-04T13:15:50Z,Java,0,0
ethereum/go-ethereum,2013-12-26T13:05:46Z,3665,124,2020-03-04T23:20:14Z,Go,4429,4714
apache/spark,2014-02-25T08:00:08Z,3,0,2020-03-04T23:38:33Z,Scala,0,0
kenwheeler/slick,2014-03-24T02:10:05Z,235,48,2020-03-04T17:47:27Z,JavaScript,2311,3283
jashkenas/underscore,2009-10-25T18:31:06Z,687,0,2020-03-04T23:26:26Z,JavaScript,1276,1347
JakeWharton/butterknife,2013-03-05T08:18:59Z,339,0,2020-03-04T14:33:05Z,Java,1013,1104
grpc/grpc,2014-12-08T18:58:53Z,11083,138,2020-03-04T22:18:56Z,C++,7449,8250
Kong/kong,2014-11-17T23:56:08Z,1901,76,2020-03-04T23:10:30Z,Lua,2534,2825
shengxinjing/programmer-job-blacklist,2016-06-25T06:09:10Z,16,0,2020-03-04T11:25:06Z,Shell,169,288
nestjs/nest,2017-02-04T20:12:52Z,1503,49,2020-03-04T21:53:24Z,TypeScript,2264,2335
zxing/zxing,2011-10-12T14:07:27Z,149,26,2020-03-04T15:14:15Z,Java,976,984
react-boilerplate/react-boilerplate,2015-02-18T14:36:32Z,711,16,2020-03-04T23:22:49Z,JavaScript,1733,1755
aosabook/500lines,2013-11-04T02:02:53Z,175,0,2020-03-04T13:54:28Z,JavaScript,36,61
vuejs/vue-cli,2015-12-26T23:11:20Z,861,119,2020-03-04T20:16:23Z,JavaScript,3620,4053
nylas/nylas-mail,2014-10-16T18:29:12Z,139,53,2020-03-04T22:37:26Z,JavaScript,2411,3421
square/leakcanary,2015-04-29T23:54:16Z,560,22,2020-03-04T22:27:34Z,Kotlin,1076,1107
select2/select2,2012-03-04T18:43:12Z,641,26,2020-03-04T20:50:37Z,JavaScript,4360,4417
request/request,2011-01-23T01:25:14Z,650,0,2020-03-04T18:57:49Z,JavaScript,1972,2127
0voice/interview_internal_reference,2019-06-10T06:54:19Z,32,0,2020-03-04T17:44:27Z,Python,17,30
Modernizr/Modernizr,2009-09-25T20:13:23Z,712,14,2020-03-04T21:06:09Z,JavaScript,1245,1396
Tencent/weui,2014-12-18T04:09:54Z,163,17,2020-03-04T23:20:15Z,CSS,578,597
NervJS/taro,2018-04-08T09:32:26Z,620,0,2020-03-04T21:07:36Z,JavaScript,3984,4684
getsentry/sentry,2010-08-30T22:06:41Z,12102,53,2020-03-04T23:01:45Z,Python,3061,3921
vuetifyjs/vuetify,2016-09-12T00:39:35Z,2095,317,2020-03-04T22:41:16Z,TypeScript,6966,7893
dylanaraps/pure-bash-bible,2018-06-13T01:39:33Z,26,0,2020-03-04T20:15:40Z,Shell,22,44
ant-design/ant-design-pro,2017-08-25T10:40:44Z,713,17,2020-03-04T23:24:32Z,TypeScript,4902,4961
faif/python-patterns,2012-06-06T21:02:35Z,211,0,2020-03-04T21:38:21Z,Python,52,60
pandas-dev/pandas,2010-08-24T01:37:33Z,10907,56,2020-03-04T22:24:47Z,Python,14049,17316
crossoverJie/JCSprout,2017-12-17T09:06:50Z,69,0,2020-03-04T16:26:32Z,Java,57,84
houshanren/hangzhou_house_knowledge,2018-02-24T01:54:18Z,4,0,2020-03-04T16:16:00Z,CSS,0,0
madewithml/practicalAI,2018-11-05T03:44:27Z,132,0,2020-03-04T16:23:52Z,Jupyter Notebook,16,16
nvie/gitflow,2010-01-20T23:14:12Z,36,0,2020-03-04T23:25:51Z,Shell,114,334
google/styleguide,2015-05-20T19:18:59Z,106,0,2020-03-04T21:01:45Z,HTML,75,221
wg/wrk,2012-03-20T11:12:28Z,0,0,2020-03-04T22:10:49Z,C,219,304
apachecn/AiLearning,2017-02-25T08:53:02Z,442,2,2020-03-04T23:11:05Z,Python,52,82
yangshun/front-end-interview-handbook,2018-01-13T19:40:08Z,145,0,2020-03-04T22:16:14Z,JavaScript,0,0
astaxie/beego,2012-02-29T02:32:08Z,753,5,2020-03-04T18:15:53Z,Go,1902,2664
fzaninotto/Faker,2011-10-14T22:49:02Z,764,11,2020-03-04T23:20:12Z,PHP,480,534
localstack/localstack,2016-10-25T23:48:03Z,680,11,2020-03-04T21:52:50Z,Python,1096,1369
rethinkdb/rethinkdb,2012-10-30T05:37:47Z,371,68,2020-03-04T18:16:52Z,C++,4838,6231
standard/standard,2015-01-27T01:23:31Z,282,1,2020-03-04T16:50:21Z,JavaScript,957,1057
github/fetch,2014-10-13T00:26:19Z,116,27,2020-03-04T23:15:09Z,JavaScript,486,496
danielmiessler/SecLists,2012-02-19T01:30:18Z,229,8,2020-03-04T22:23:22Z,PHP,90,96
FiloSottile/mkcert,2018-06-25T05:33:03Z,42,11,2020-03-04T22:54:10Z,Go,127,155
carbon-app/carbon,2017-06-16T02:50:28Z,439,154,2020-03-04T23:31:08Z,JavaScript,392,411
angular/angular-cli,2015-06-04T19:49:37Z,4057,256,2020-03-04T21:03:21Z,TypeScript,10833,11442
iview/iview,2016-07-28T01:52:59Z,525,85,2020-03-04T21:06:25Z,Vue,4425,5394
huggingface/transformers,2018-10-29T13:56:00Z,640,23,2020-03-04T23:24:15Z,Python,1857,2227
vuejs/vuex,2015-07-16T04:21:26Z,513,32,2020-03-04T22:46:11Z,JavaScript,884,972
nolimits4web/swiper,2012-03-14T19:11:45Z,230,0,2020-03-04T23:39:18Z,JavaScript,2953,3093
mathiasbynens/dotfiles,2011-09-05T18:07:54Z,41,0,2020-03-04T21:29:44Z,Shell,227,350
facebookresearch/Detectron,2017-10-05T17:32:00Z,0,0,2020-03-04T16:57:42Z,Python,595,871
symfony/symfony,2010-01-04T14:21:21Z,13891,223,2020-03-04T21:03:16Z,PHP,12930,13653
CodeHubApp/CodeHub,2013-07-23T22:19:57Z,12,4,2020-03-04T15:18:56Z,C#,383,600
netty/netty,2010-11-09T09:22:21Z,1316,0,2020-03-04T22:47:03Z,Java,4614,4973
pingcap/tidb,2015-09-06T04:01:52Z,9891,86,2020-03-04T15:19:07Z,Go,2640,3913
Marak/faker.js,2010-05-15T00:53:07Z,189,0,2020-03-04T23:46:08Z,JavaScript,237,417
freeCodeCamp/devdocs,2013-10-24T18:16:07Z,128,0,2020-03-04T21:13:48Z,Ruby,714,794
jiahaog/nativefier,2015-07-05T05:56:42Z,134,30,2020-03-04T23:41:21Z,JavaScript,564,732
dkhamsing/open-source-ios-apps,2015-01-26T23:32:34Z,529,32,2020-03-04T13:20:23Z,Swift,198,199
composer/composer,2011-06-08T08:53:00Z,1914,68,2020-03-04T23:11:28Z,PHP,5452,5803
IanLunn/Hover,2014-01-02T14:27:35Z,22,10,2020-03-04T20:17:28Z,CSS,79,96
SDWebImage/SDWebImage,2009-09-21T17:39:19Z,693,76,2020-03-04T18:38:38Z,Objective-C,1847,1863
raywenderlich/swift-algorithm-club,2016-01-26T17:56:12Z,585,0,2020-03-04T19:04:03Z,Swift,173,179
iina/iina,2016-12-19T07:18:45Z,357,30,2020-03-04T23:39:53Z,Swift,1421,2210
danielgindi/Charts,2015-03-20T10:49:12Z,363,30,2020-03-04T20:36:12Z,Swift,3091,3567
strapi/strapi,2015-09-30T15:34:48Z,1905,124,2020-03-04T23:25:19Z,JavaScript,2941,3146
jakevdp/PythonDataScienceHandbook,2016-08-10T14:24:36Z,28,0,2020-03-04T22:30:42Z,Jupyter Notebook,44,103
postcss/postcss,2013-09-24T23:06:48Z,564,147,2020-03-04T16:20:33Z,JavaScript,614,631
harvesthq/chosen,2011-04-18T15:07:41Z,309,34,2020-03-04T23:26:27Z,HTML,2105,2323
greenrobot/EventBus,2012-07-16T16:55:40Z,29,5,2020-03-04T17:04:04Z,Java,424,514
gitlabhq/gitlabhq,2011-10-02T16:25:27Z,2227,0,2020-03-04T21:09:18Z,Ruby,0,0
transloadit/uppy,2015-11-16T12:32:33Z,971,23,2020-03-04T22:43:41Z,JavaScript,950,1036
GitbookIO/gitbook,2014-03-31T03:01:56Z,214,0,2020-03-04T23:39:42Z,JavaScript,0,0
lib-pku/libpku,2018-11-22T13:33:06Z,22,0,2020-03-04T22:12:04Z,TeX,30,31
fxsjy/jieba,2012-09-29T07:52:01Z,96,9,2020-03-04T21:14:49Z,Python,184,671
TheAlgorithms/Java,2016-07-16T10:21:02Z,376,0,2020-03-04T23:33:13Z,Java,108,142
istio/istio,2016-11-18T23:57:21Z,9313,115,2020-03-04T23:48:38Z,Go,7676,8731
google-research/bert,2018-10-25T22:57:34Z,31,0,2020-03-04T23:34:51Z,Python,294,873
serhii-londar/open-source-mac-os-apps,2017-11-03T02:35:33Z,348,0,2020-03-04T23:26:30Z,Swift,107,124
markedjs/marked,2011-07-24T13:15:51Z,321,18,2020-03-04T22:46:32Z,JavaScript,881,956
lerna/lerna,2015-12-04T09:36:55Z,562,165,2020-03-04T23:05:49Z,JavaScript,1377,1693
date-fns/date-fns,2014-10-06T10:24:22Z,574,74,2020-03-04T22:05:36Z,JavaScript,692,848
mobxjs/mobx,2015-03-14T14:31:38Z,703,1,2020-03-04T21:47:51Z,JavaScript,1445,1477
cheeriojs/cheerio,2011-10-09T04:23:20Z,278,2,2020-03-04T20:10:37Z,JavaScript,717,928
emberjs/ember.js,2011-05-25T23:39:40Z,7084,299,2020-03-04T23:03:23Z,JavaScript,5926,6187
webtorrent/webtorrent,2013-10-15T08:16:40Z,377,0,2020-03-04T22:53:34Z,JavaScript,1153,1289
Polymer/polymer,2012-08-23T20:56:30Z,1044,113,2020-03-04T13:42:39Z,HTML,3625,3880
skylot/jadx,2013-03-18T17:08:21Z,200,13,2020-03-04T20:51:48Z,Java,508,633
sequelize/sequelize,2010-07-22T07:11:11Z,2486,321,2020-03-04T19:03:13Z,JavaScript,7632,8406
ReactiveX/rxjs,2015-03-15T06:17:10Z,1704,0,2020-03-04T23:30:45Z,TypeScript,2187,2506
balderdashy/sails,2012-03-18T19:46:15Z,501,35,2020-03-04T17:39:08Z,JavaScript,5762,6099
ajaxorg/ace,2010-10-27T10:43:36Z,1297,0,2020-03-04T15:11:53Z,JavaScript,1798,2443
pi-hole/pi-hole,2014-06-08T15:02:55Z,1023,57,2020-03-04T22:17:11Z,Shell,1597,1704
VincentGarreau/particles.js,2014-09-06T14:29:47Z,21,6,2020-03-04T22:55:17Z,JavaScript,69,323
hammerjs/hammer.js,2012-03-02T12:58:28Z,114,0,2020-03-04T23:39:18Z,JavaScript,752,1000
sentsin/layui,2015-09-22T08:12:03Z,31,39,2020-03-04T15:57:52Z,JavaScript,72,467
hashicorp/terraform,2014-03-13T22:25:48Z,7945,112,2020-03-04T23:23:57Z,Go,13009,14225
ityouknow/spring-boot-examples,2016-11-05T05:32:33Z,4,0,2020-03-04T15:42:14Z,Java,74,95
naptha/tesseract.js,2015-06-24T02:49:52Z,68,27,2020-03-04T23:39:49Z,JavaScript,315,337
VundleVim/Vundle.vim,2010-10-17T23:17:53Z,86,0,2020-03-04T22:20:18Z,Vim script,529,678
alacritty/alacritty,2016-02-18T05:02:30Z,884,28,2020-03-04T23:40:36Z,Rust,1926,2283
jaredpalmer/formik,2017-06-14T19:50:59Z,572,131,2020-03-04T21:54:51Z,TypeScript,1067,1506
iikira/BaiduPCS-Go,2017-11-30T05:09:26Z,12,24,2020-03-04T23:21:10Z,Go,732,847
0xAX/linux-insides,2015-01-03T18:44:57Z,486,0,2020-03-04T22:44:00Z,Python,119,153
terryum/awesome-deep-learning-papers,2016-06-03T06:48:30Z,39,0,2020-03-04T21:39:35Z,TeX,11,23
amix/vimrc,2012-05-29T16:19:29Z,65,0,2020-03-04T22:56:26Z,Vim script,386,398
Homebrew/brew,2016-03-06T05:08:38Z,3994,131,2020-03-04T21:41:05Z,Ruby,2393,2409
ycm-core/YouCompleteMe,2012-04-16T03:12:14Z,617,0,2020-03-04T23:48:05Z,Python,2783,2806
alibaba/fastjson,2011-11-03T06:58:52Z,298,72,2020-03-04T23:26:44Z,Java,1295,2537
StreisandEffect/streisand,2014-03-23T21:56:19Z,524,0,2020-03-04T23:42:37Z,Shell,920,1083
facebookresearch/fastText,2016-07-16T13:38:42Z,7,3,2020-03-04T12:25:30Z,HTML,558,817
tabler/tabler,2018-02-01T09:08:59Z,140,5,2020-03-04T21:13:49Z,HTML,211,270
heartcombo/devise,2009-09-16T12:15:12Z,717,14,2020-03-04T14:57:11Z,Ruby,3877,3915
pure-css/pure,2013-04-22T16:16:39Z,132,17,2020-03-04T23:39:28Z,HTML,503,524
drone/drone,2014-02-07T07:54:44Z,828,0,2020-03-04T17:42:16Z,Go,1661,1691
t4t5/sweetalert,2014-09-30T11:12:48Z,82,13,2020-03-04T23:39:46Z,TypeScript,535,654
minio/minio,2015-01-14T19:23:58Z,4608,138,2020-03-04T23:51:10Z,Go,3749,3832
CamDavidsonPilon/Probabilistic-Programming-and-Bayesian-Methods-for-Hackers,2013-01-14T15:46:28Z,230,0,2020-03-04T22:40:24Z,Jupyter Notebook,80,202
unknwon/the-way-to-go_ZH_CN,2013-03-24T17:18:38Z,520,0,2020-03-04T16:47:38Z,Go,0,0
rstacruz/nprogress,2013-08-20T13:58:02Z,31,0,2020-03-04T23:39:34Z,JavaScript,45,130
tootsuite/mastodon,2016-02-22T15:01:25Z,6752,138,2020-03-04T23:50:15Z,Ruby,3823,5309
facebook/flow,2014-10-28T17:17:45Z,158,166,2020-03-04T23:15:01Z,OCaml,3849,6248
alibaba/p3c,2017-06-23T06:15:51Z,53,0,2020-03-04T23:12:38Z,Kotlin,508,554
realpython/python-guide,2011-03-15T03:24:20Z,649,0,2020-03-04T22:36:01Z,Batchfile,151,245
laravel/framework,2013-01-10T21:27:28Z,9294,188,2020-03-04T22:55:47Z,PHP,13188,13259
alibaba/druid,2011-11-03T05:12:51Z,864,33,2020-03-04T22:46:17Z,Java,1045,2686
tailwindcss/tailwindcss,2017-10-06T14:59:14Z,552,62,2020-03-04T22:15:27Z,CSS,620,678
cmderdev/cmder,2013-07-09T07:44:22Z,296,25,2020-03-04T19:46:53Z,C++,1809,1823
Automattic/mongoose,2010-04-06T21:39:05Z,1038,5,2020-03-04T22:37:08Z,JavaScript,6870,7152
elsewhencode/project-guidelines,2017-06-30T10:17:55Z,100,0,2020-03-04T17:56:25Z,JavaScript,24,36
FezVrasta/bootstrap-material-design,2014-08-18T11:54:00Z,192,27,2020-03-04T22:19:11Z,CSS,1027,1079
remy/nodemon,2010-10-03T12:50:52Z,257,68,2020-03-04T21:57:46Z,JavaScript,1256,1265
google/leveldb,2014-08-27T21:17:52Z,27,20,2020-03-04T21:11:25Z,C++,462,562
SheetJS/sheetjs,2012-12-03T19:25:52Z,48,0,2020-03-04T23:32:13Z,JavaScript,1235,1553
scwang90/SmartRefreshLayout,2017-06-02T09:52:50Z,6,7,2020-03-04T15:10:41Z,Java,1009,1092
airbnb/lottie-web,2015-02-20T21:02:59Z,70,0,2020-03-04T23:39:47Z,JavaScript,1438,1916
kriasoft/react-starter-kit,2014-04-16T13:08:18Z,468,5,2020-03-04T18:57:37Z,JavaScript,706,1141
redux-saga/redux-saga,2015-11-29T16:58:12Z,614,50,2020-03-04T23:51:24Z,JavaScript,1151,1294
alibaba/flutter-go,2019-01-08T09:03:40Z,158,4,2020-03-04T18:17:55Z,Dart,172,293
littlecodersh/ItChat,2016-01-19T07:49:48Z,29,13,2020-03-04T18:54:42Z,Python,587,797
akveo/ngx-admin,2016-05-25T10:09:03Z,255,14,2020-03-04T23:36:01Z,TypeScript,1242,1499
ryanoasis/nerd-fonts,2014-12-05T04:31:17Z,102,20,2020-03-04T22:26:25Z,CSS,209,324
openai/gym,2016-04-27T14:59:16Z,484,5,2020-03-04T21:26:01Z,Python,986,1060
facebookarchive/pop,2014-03-30T22:29:12Z,100,3,2020-03-04T20:14:13Z,Objective-C++,211,256
Tencent/wepy,2016-11-14T08:06:56Z,387,0,2020-03-04T22:39:53Z,JavaScript,1687,1987
NationalSecurityAgency/ghidra,2019-03-01T03:27:48Z,129,0,2020-03-04T21:55:30Z,Java,772,1291
rapid7/metasploit-framework,2011-08-30T06:13:20Z,7595,0,2020-03-04T20:29:26Z,Ruby,2962,3623
eugenp/tutorials,2013-04-29T18:26:36Z,6001,0,2020-03-04T21:18:28Z,Java,343,352
niklasvh/html2canvas,2011-07-16T01:05:58Z,103,26,2020-03-04T20:12:55Z,TypeScript,1301,1833
ReactiveCocoa/ReactiveCocoa,2012-03-02T22:11:24Z,1335,76,2020-03-02T07:44:32Z,Swift,1945,1989
pypa/pipenv,2017-01-20T00:44:02Z,910,6,2020-03-04T19:59:01Z,Python,2584,2948
Reactive-Extensions/RxJS,2012-01-07T00:31:41Z,520,34,2020-03-04T19:24:47Z,JavaScript,643,874
dimsemenov/PhotoSwipe,2011-04-07T05:46:29Z,49,11,2020-03-04T23:39:13Z,JavaScript,1013,1504
ctripcorp/apollo,2016-03-04T10:24:23Z,869,22,2020-03-04T22:45:28Z,Java,1761,1899
codemirror/CodeMirror,2011-01-14T13:44:03Z,355,127,2020-03-04T20:24:15Z,JavaScript,3268,3595
railsware/upterm,2015-03-22T07:00:24Z,293,187,2020-03-04T23:25:26Z,TypeScript,534,753
ggreer/the_silver_searcher,2011-11-19T19:50:47Z,382,0,2020-03-04T19:08:48Z,C,382,726
bevacqua/dragula,2015-04-13T21:35:38Z,57,0,2020-03-04T20:14:03Z,JavaScript,288,466
google/iosched,2014-04-01T22:40:40Z,53,2,2020-03-04T15:09:46Z,Kotlin,169,198
gorhill/uBlock,2015-04-01T17:51:11Z,121,155,2020-03-04T18:36:04Z,JavaScript,3375,3449
metabase/metabase,2015-02-02T19:25:47Z,4478,106,2020-03-04T23:48:36Z,Clojure,4778,6828
alibaba/arthas,2018-08-29T17:15:57Z,153,11,2020-03-04T16:27:45Z,Java,683,783
syl20bnr/spacemacs,2012-12-17T21:34:03Z,539,158,2020-03-04T23:45:25Z,Emacs Lisp,4905,7210
hashicorp/vagrant,2010-01-21T08:34:27Z,2129,0,2020-03-04T16:19:52Z,Ruby,7824,8296
microsoft/calculator,2019-01-28T17:55:49Z,415,0,2020-03-04T23:15:22Z,C++,333,497
SortableJS/Sortable,2013-12-19T10:10:13Z,212,21,2020-03-04T20:15:56Z,JavaScript,1135,1342
Meituan-Dianping/mpvue,2018-03-07T03:09:25Z,64,19,2020-03-04T09:47:58Z,JavaScript,1247,1641
angular/components,2016-01-04T18:50:02Z,6688,129,2020-03-04T22:12:44Z,TypeScript,8524,10566
vim/vim,2015-08-18T21:03:56Z,3,0,2020-03-04T22:21:46Z,Vim script,2595,3468
satwikkansal/wtfpython,2017-08-28T20:22:19Z,67,2,2020-03-04T21:37:07Z,Python,80,98
JedWatson/react-select,2014-08-26T04:27:45Z,798,11,2020-03-04T22:55:48Z,JavaScript,1323,2605
CymChad/BaseRecyclerViewAdapterHelper,2016-04-10T07:40:11Z,190,188,2020-03-04T15:56:55Z,Java,2735,2808
SwiftyJSON/SwiftyJSON,2014-06-18T14:41:15Z,212,21,2020-03-04T19:43:16Z,Swift,557,638
LisaDziuba/Awesome-Design-Tools,2019-02-12T13:55:30Z,256,0,2020-03-04T21:57:14Z,JavaScript,21,22
ovity/octotree,2014-05-09T18:15:20Z,223,0,2020-03-04T08:49:12Z,JavaScript,497,541
donnemartin/interactive-coding-challenges,2015-04-28T21:36:39Z,161,0,2020-03-04T23:30:22Z,Python,29,52
ocornut/imgui,2014-07-21T14:29:47Z,235,64,2020-03-04T23:38:15Z,C++,2028,2416
SwiftGGTeam/the-swift-programming-language-in-chinese,2014-06-03T04:44:09Z,630,1,2020-03-04T08:57:43Z,CSS,317,319
Netflix/Hystrix,2012-11-19T20:14:46Z,672,79,2020-03-04T22:18:04Z,Java,671,993
GoogleChrome/lighthouse,2016-03-08T01:03:11Z,2941,53,2020-03-04T18:52:39Z,JavaScript,6222,6595
wagoodman/dive,2018-05-13T15:44:01Z,100,23,2020-03-04T22:35:05Z,Go,130,175
github/hub,2009-12-05T22:15:25Z,380,59,2020-03-04T22:42:30Z,Go,1475,1658
BradLarson/GPUImage,2012-02-13T15:20:02Z,241,3,2020-03-04T20:17:23Z,Objective-C,1296,2197
microsoft/monaco-editor,2016-06-07T16:56:31Z,76,0,2020-03-04T16:42:55Z,JavaScript,1392,1687
airbnb/lottie-ios,2016-10-06T22:38:38Z,290,38,2020-03-04T21:21:18Z,Swift,667,774
rclone/rclone,2014-03-16T16:19:57Z,610,64,2020-03-04T21:39:10Z,Go,2445,3096
mochajs/mocha,2011-03-07T18:44:25Z,919,45,2020-03-04T19:01:53Z,JavaScript,2214,2469
pugjs/pug,2010-06-23T01:05:42Z,473,4,2020-03-04T19:21:34Z,JavaScript,2195,2401
tipsy/profile-summary-for-github,2017-12-10T13:29:15Z,20,0,2020-03-04T05:38:03Z,Vue,54,65
reduxjs/react-redux,2015-07-11T17:32:01Z,328,90,2020-03-04T21:19:25Z,JavaScript,990,1010
petkaantonov/bluebird,2013-09-07T19:39:57Z,284,123,2020-03-04T20:12:49Z,JavaScript,1057,1111
usablica/intro.js,2013-03-10T15:12:45Z,139,18,2020-03-04T17:27:30Z,HTML,369,578
nefe/You-Dont-Need-jQuery,2015-11-21T16:02:26Z,158,1,2020-03-04T15:47:31Z,JavaScript,57,62
ageron/handson-ml,2016-02-16T19:48:39Z,46,0,2020-03-04T23:50:51Z,Jupyter Notebook,383,471
koalaman/shellcheck,2012-11-17T03:15:11Z,188,0,2020-03-04T21:16:24Z,Haskell,1093,1609
guzzle/guzzle,2011-02-28T02:44:05Z,706,32,2020-03-04T21:36:00Z,PHP,1345,1559
tornadoweb/tornado,2009-09-09T04:55:16Z,733,0,2020-03-04T20:01:00Z,Python,1370,1535
docker/compose,2013-12-09T11:40:58Z,1811,122,2020-03-04T23:32:19Z,Python,4485,4755
aria2/aria2,2010-11-27T09:41:48Z,193,22,2020-03-04T20:18:12Z,C++,635,1300
julycoding/The-Art-Of-Programming-By-July,2013-12-14T10:00:06Z,254,0,2020-03-04T18:59:59Z,C,82,127
ReactiveX/RxAndroid,2014-08-19T03:46:38Z,164,18,2020-03-04T17:50:17Z,Java,331,331
ColorlibHQ/gentelella,2015-05-15T06:57:27Z,158,7,2020-03-04T18:55:06Z,HTML,604,608
dokku/dokku,2013-06-08T10:26:57Z,1665,156,2020-03-04T22:38:53Z,Shell,1937,1968
matteocrippa/awesome-swift,2014-07-10T14:04:09Z,1241,0,2020-03-04T21:07:06Z,Swift,110,110
cypress-io/cypress,2015-03-04T00:46:28Z,1283,199,2020-03-04T22:36:55Z,JavaScript,3763,4902
go-gitea/gitea,2016-11-01T02:13:26Z,4777,82,2020-03-04T23:46:16Z,Go,3788,5000
emscripten-core/emscripten,2011-02-12T05:23:30Z,4398,0,2020-03-04T22:47:54Z,C++,4472,5091
dcloudio/uni-app,2018-07-12T08:52:39Z,86,0,2020-03-04T23:31:18Z,JavaScript,934,1264
SamyPesse/How-to-Make-a-Computer-Operating-System,2013-11-29T17:36:32Z,42,1,2020-03-04T22:01:12Z,C,24,62
MrRio/jsPDF,2009-12-06T14:56:32Z,568,23,2020-03-04T23:08:52Z,JavaScript,1470,1649
agalwood/Motrix,2018-12-18T11:45:05Z,68,6,2020-03-04T19:40:34Z,JavaScript,277,480
hashicorp/consul,2013-11-04T22:15:27Z,3170,0,2020-03-04T22:44:55Z,Go,3060,3601
google/web-starter-kit,2014-04-07T08:45:18Z,234,14,2020-03-04T18:23:18Z,HTML,533,580
paularmstrong/normalizr,2014-08-20T08:41:38Z,89,24,2020-03-04T14:15:53Z,JavaScript,261,275
powerline/fonts,2012-12-19T13:31:50Z,72,1,2020-03-04T21:04:07Z,Shell,80,218
BurntSushi/ripgrep,2016-03-11T02:02:33Z,360,61,2020-03-04T22:44:42Z,Rust,963,1020
enzymejs/enzyme,2015-11-10T21:45:38Z,618,0,2020-03-04T22:50:36Z,JavaScript,1394,1589
dmlc/xgboost,2014-02-06T17:28:03Z,1717,19,2020-03-04T20:04:30Z,C++,3088,3277
FFmpeg/FFmpeg,2011-04-14T14:12:38Z,15,11,2020-03-04T22:28:59Z,C,0,0
jlmakes/scrollreveal,2014-01-16T17:37:20Z,31,0,2020-03-04T23:39:40Z,JavaScript,439,446
domnikl/DesignPatternsPHP,2011-08-22T05:24:31Z,219,0,2020-03-04T22:03:33Z,PHP,86,89
apache/incubator-mxnet,2015-04-30T16:21:15Z,7105,20,2020-03-04T16:56:01Z,Python,7090,8666
pyenv/pyenv,2012-08-31T06:57:52Z,383,24,2020-03-04T17:29:16Z,Shell,880,1051
influxdata/influxdb,2013-09-26T14:31:10Z,6465,29,2020-03-04T23:39:08Z,Go,8842,9438
atlassian/react-beautiful-dnd,2017-08-09T03:37:15Z,463,66,2020-03-04T22:25:26Z,JavaScript,833,980
Prinzhorn/skrollr,2012-03-18T15:41:35Z,35,0,2020-03-04T23:39:18Z,HTML,533,776
ramda/ramda,2013-06-21T20:32:35Z,1164,23,2020-03-04T22:30:40Z,JavaScript,1242,1419
libgdx/libgdx,2012-08-10T19:34:38Z,1988,3,2020-03-04T15:59:07Z,Java,2805,3079
julianshapiro/velocity,2014-04-09T20:02:38Z,54,18,2020-03-04T23:39:42Z,JavaScript,760,800
vuejs/vue-devtools,2014-09-29T03:52:07Z,193,33,2020-03-04T19:40:33Z,JavaScript,660,859
helm/helm,2015-10-06T01:07:32Z,2723,102,2020-03-04T22:44:36Z,Go,3533,4283
acmesh-official/acme.sh,2015-12-26T12:56:33Z,808,27,2020-03-04T22:55:08Z,Shell,1148,1608
chrisbanes/PhotoView,2012-07-17T16:39:00Z,51,5,2020-03-04T10:28:40Z,Java,464,605
curl/curl,2010-03-18T22:32:22Z,107,42,2020-03-04T23:44:47Z,C,2082,2120
facebook/hhvm,2010-01-02T01:17:06Z,86,15,2020-03-04T23:36:57Z,C++,4874,5706
google/python-fire,2017-02-21T21:35:07Z,43,5,2020-03-04T19:23:43Z,Python,98,147
git-tips/tips,2015-07-15T07:24:48Z,124,0,2020-03-04T18:50:14Z,JavaScript,15,26
stedolan/jq,2012-07-18T19:57:25Z,202,9,2020-03-04T21:43:12Z,C,1157,1621
go-kit/kit,2015-02-03T00:01:19Z,404,10,2020-03-04T22:45:18Z,Go,387,444
dotnet/aspnetcore,2014-03-11T06:09:42Z,4045,76,2020-03-04T23:26:25Z,C#,12098,14200
less/less.js,2010-02-20T17:25:38Z,401,29,2020-03-04T19:34:14Z,JavaScript,2487,2634
denysdovhan/wtfjs,2017-07-14T15:42:12Z,53,0,2020-03-04T23:44:07Z,JavaScript,27,64
sampotts/plyr,2015-02-14T11:33:07Z,259,67,2020-03-04T22:46:15Z,JavaScript,967,1327
react-spring/react-spring,2018-03-07T15:39:32Z,202,4,2020-03-04T21:47:45Z,JavaScript,582,678
yeasy/docker_practice,2014-09-05T04:06:39Z,224,13,2020-03-04T15:15:31Z,Go,168,172
chenglou/react-motion,2015-06-11T07:38:23Z,144,4,2020-03-04T16:06:03Z,JavaScript,241,386
ftlabs/fastclick,2012-02-13T08:38:00Z,67,3,2020-03-04T10:59:22Z,HTML,178,388
typicode/husky,2014-06-23T12:14:21Z,128,31,2020-03-04T22:39:19Z,JavaScript,354,468
junegunn/vim-plug,2013-09-10T14:58:51Z,137,4,2020-03-04T23:34:55Z,Vim script,688,727
cockroachdb/cockroach,2014-02-06T00:18:47Z,20636,17,2020-03-04T22:09:48Z,Go,20024,23045
PowerShell/PowerShell,2016-01-13T23:41:35Z,4008,67,2020-03-04T23:48:41Z,C#,4746,7040
typeorm/typeorm,2016-02-29T07:41:14Z,890,0,2020-03-04T22:12:38Z,TypeScript,2956,4375
ruanyf/es6tutorial,2014-04-20T13:06:28Z,318,0,2020-03-04T23:34:00Z,JavaScript,455,455
mattermost/mattermost-server,2015-06-15T06:50:02Z,8343,186,2020-03-04T19:14:29Z,Go,4126,4469
SnapKit/Masonry,2013-07-22T01:15:48Z,75,1,2020-03-03T12:47:25Z,Objective-C,327,435
avajs/ava,2014-11-18T17:20:26Z,794,65,2020-03-04T16:16:07Z,JavaScript,1161,1314
kataras/iris,2016-01-30T04:36:48Z,146,26,2020-03-04T23:25:10Z,Go,497,506
rollup/rollup,2015-05-14T22:26:28Z,1023,129,2020-03-04T21:45:55Z,JavaScript,1996,2171
kubernetes/minikube,2016-04-15T22:38:35Z,2729,79,2020-03-04T23:26:30Z,Go,3292,3698
nlohmann/json,2013-07-04T08:47:49Z,288,31,2020-03-04T21:28:30Z,C++,1488,1522
Popmotion/popmotion,2014-08-17T16:23:07Z,288,0,2020-03-04T16:30:38Z,JavaScript,532,537
react-navigation/react-navigation,2017-01-26T19:51:40Z,756,166,2020-03-04T19:37:56Z,TypeScript,6212,6441
mongodb/mongo,2009-01-15T16:15:18Z,114,0,2020-03-04T23:43:46Z,C++,0,0
nagadomi/waifu2x,2015-05-17T07:29:15Z,61,3,2020-03-04T22:09:05Z,Lua,156,256
facebook/draft-js,2016-02-19T20:18:26Z,212,23,2020-03-04T21:55:32Z,JavaScript,877,1459
feathericons/feather,2014-05-28T19:49:55Z,87,48,2020-03-04T23:37:50Z,JavaScript,186,443
MostlyAdequate/mostly-adequate-guide,2015-05-06T01:44:15Z,259,0,2020-03-04T23:03:48Z,JavaScript,181,218
Advanced-Frontend/Daily-Interview-Question,2019-01-19T10:49:00Z,14,0,2020-03-04T22:00:18Z,JavaScript,167,323
xi-editor/xi-editor,2016-04-26T23:03:23Z,622,0,2020-03-04T17:49:11Z,Rust,374,502
google/gson,2015-03-19T18:21:20Z,201,0,2020-03-04T15:16:43Z,Java,841,1243
trailofbits/algo,2016-05-15T03:42:48Z,420,2,2020-03-04T21:18:27Z,Python,1158,1225
jcjohnson/neural-style,2015-09-01T04:55:14Z,16,0,2020-03-04T16:57:07Z,Lua,141,433
jinzhu/gorm,2013-10-25T08:31:38Z,332,10,2020-03-04T21:09:09Z,Go,1754,2329
square/picasso,2013-05-14T15:07:47Z,469,6,2020-03-04T14:03:20Z,Java,1315,1493
fighting41love/funNLP,2018-08-21T11:20:39Z,9,0,2020-03-04T18:27:22Z,Python,19,19
afollestad/material-dialogs,2014-11-03T03:21:42Z,175,92,2020-03-04T16:55:34Z,Kotlin,1129,1154
dhg/Skeleton,2011-04-30T20:04:24Z,25,6,2020-03-04T23:39:13Z,CSS,122,193
fastai/fastai,2017-09-09T17:43:36Z,1158,0,2020-03-04T23:03:58Z,Jupyter Notebook,997,998
cfenollosa/os-tutorial,2014-09-29T08:39:34Z,11,0,2020-03-04T13:35:08Z,C,47,71
3b1b/manim,2015-03-22T18:50:58Z,332,0,2020-03-04T23:24:49Z,Python,321,476
tj/commander.js,2011-08-14T21:33:58Z,354,42,2020-03-04T11:44:38Z,JavaScript,599,634
nsqio/nsq,2012-05-12T14:37:08Z,605,29,2020-03-04T22:45:45Z,Go,466,511
jorgebucaran/hyperapp,2017-01-20T05:20:21Z,231,26,2020-03-04T21:09:57Z,JavaScript,497,506
bilibili/flv.js,2016-05-12T08:34:31Z,16,12,2020-03-04T13:04:01Z,JavaScript,252,497
parse-community/parse-server,2016-01-28T18:29:14Z,2259,75,2020-03-04T15:33:41Z,JavaScript,3481,3555
liyasthomas/postwoman,2019-08-21T13:15:24Z,345,5,2020-03-04T21:54:28Z,Vue,213,227
abhat222/Data-Science--Cheat-Sheet,2019-03-13T09:59:33Z,11,0,2020-03-04T23:23:03Z,TeX,6,14
react-bootstrap/react-bootstrap,2013-12-27T19:06:07Z,1954,3,2020-03-04T23:13:32Z,JavaScript,2472,2584
swagger-api/swagger-ui,2011-07-15T22:56:39Z,1245,139,2020-03-04T23:43:39Z,JavaScript,3491,3975
balena-io/etcher,2015-10-27T16:53:23Z,1524,105,2020-03-04T18:42:30Z,TypeScript,1154,1370
SeleniumHQ/selenium,2013-01-14T21:40:56Z,443,27,2020-03-04T19:01:54Z,Java,5788,6288
openfaas/faas,2016-12-22T12:51:39Z,576,120,2020-03-04T22:36:47Z,Go,596,659
Seldaek/monolog,2011-02-17T02:07:15Z,550,36,2020-03-04T23:11:30Z,PHP,561,603
jaredhanson/passport,2011-10-08T22:38:32Z,44,0,2020-03-04T13:03:37Z,JavaScript,320,635
kelthuzadx/hosts,2014-07-04T01:05:27Z,286,2,2020-03-04T13:57:46Z,Rascal,888,891
JohnCoates/Aerial,2015-10-26T21:21:31Z,183,92,2020-03-04T18:26:01Z,Swift,656,681
keon/algorithms,2016-11-17T22:32:08Z,356,0,2020-03-04T10:23:28Z,Python,75,109
felixrieseberg/windows95,2018-08-23T05:04:38Z,14,10,2020-03-04T21:42:19Z,TypeScript,79,137
odoo/odoo,2014-05-13T15:38:58Z,6045,0,2020-03-04T20:39:53Z,JavaScript,10785,12014
ianstormtaylor/slate,2016-06-18T01:52:42Z,1051,18,2020-03-04T23:48:51Z,JavaScript,1969,2123
prisma/prisma,2016-09-25T12:54:40Z,1310,181,2020-03-04T17:40:07Z,Scala,2815,3356
airyland/vux,2016-02-15T03:23:27Z,309,78,2020-03-04T09:11:08Z,Vue,2458,3200
komeiji-satori/Dress,2018-02-11T03:49:29Z,316,0,2020-03-04T14:21:45Z,Standard ML,216,284
tmux/tmux,2015-06-03T23:32:55Z,0,27,2020-03-04T18:28:18Z,C,1770,1774
viatsko/awesome-vscode,2016-02-07T23:02:45Z,209,0,2020-03-04T22:36:54Z,JavaScript,19,31
encode/django-rest-framework,2011-03-02T17:13:56Z,2422,13,2020-03-04T18:56:15Z,Python,3220,3374
localForage/localForage,2013-10-31T00:10:06Z,258,22,2020-03-04T23:39:37Z,JavaScript,448,594
microsoft/CNTK,2015-11-26T09:52:06Z,255,32,2020-03-04T15:55:01Z,C++,2504,3224
TeamStuQ/skill-map,2015-11-17T11:17:38Z,42,2,2020-03-04T13:02:57Z,HTML,13,79
nostra13/Android-Universal-Image-Loader,2011-11-27T18:48:23Z,49,0,2020-03-04T20:17:14Z,Java,762,1203
Homebrew/homebrew-cask,2012-03-05T02:05:17Z,59465,81,2020-03-04T23:48:13Z,Ruby,5245,5279
BoostIO/Boostnote,2016-03-06T17:06:07Z,1044,15,2020-03-04T21:33:29Z,JavaScript,1781,2208
tobiasahlin/SpinKit,2013-12-12T23:29:41Z,51,9,2020-03-04T18:19:55Z,CSS,52,55
ruby/ruby,2010-02-27T15:55:23Z,443,0,2020-03-04T14:27:28Z,Ruby,0,0
facebook/flux,2014-07-20T23:33:08Z,149,0,2020-03-04T04:49:56Z,JavaScript,217,228
labstack/echo,2015-03-01T17:43:01Z,298,77,2020-03-04T23:29:43Z,Go,932,971
obsproject/obs-studio,2013-10-01T02:40:31Z,1250,104,2020-03-04T22:35:46Z,C,185,219
defunkt/jquery-pjax,2011-02-26T02:44:18Z,81,11,2020-03-04T23:39:13Z,JavaScript,386,440
kilimchoi/engineering-blogs,2015-06-13T18:25:17Z,673,0,2020-03-04T22:18:00Z,Ruby,73,74
pjreddie/darknet,2014-04-11T07:59:16Z,9,0,2020-03-04T22:40:27Z,C,431,1838
angular/material,2014-07-01T19:20:06Z,749,2,2020-03-04T20:09:06Z,JavaScript,8439,8918
elixir-lang/elixir,2011-01-09T08:43:57Z,4869,100,2020-03-04T20:23:13Z,Elixir,3978,3997
osquery/osquery,2014-07-29T20:27:33Z,3232,102,2020-03-04T20:54:43Z,C++,1798,2374
sqlmapproject/sqlmap,2012-06-26T09:52:15Z,111,5,2020-03-04T21:56:43Z,Python,3784,3831
libgdx/libgdx,2012-08-10T19:34:38Z,1988,3,2020-03-04T15:59:07Z,Java,2805,3079
julianshapiro/velocity,2014-04-09T20:02:38Z,54,18,2020-03-04T23:39:42Z,JavaScript,760,800
vuejs/vue-devtools,2014-09-29T03:52:07Z,193,33,2020-03-04T19:40:33Z,JavaScript,660,859
helm/helm,2015-10-06T01:07:32Z,2723,102,2020-03-04T22:44:36Z,Go,3533,4283
acmesh-official/acme.sh,2015-12-26T12:56:33Z,808,27,2020-03-04T22:55:08Z,Shell,1148,1608
geekcomputers/Python,2011-11-30T09:04:08Z,482,0,2020-03-04T16:53:08Z,Python,39,104
chrisbanes/PhotoView,2012-07-17T16:39:00Z,51,5,2020-03-04T10:28:40Z,Java,464,605
curl/curl,2010-03-18T22:32:22Z,107,42,2020-03-04T23:44:47Z,C,2082,2120
facebook/hhvm,2010-01-02T01:17:06Z,86,15,2020-03-04T23:36:57Z,C++,4874,5706
google/python-fire,2017-02-21T21:35:07Z,43,5,2020-03-04T19:23:43Z,Python,98,147
git-tips/tips,2015-07-15T07:24:48Z,124,0,2020-03-04T18:50:14Z,JavaScript,15,26
stedolan/jq,2012-07-18T19:57:25Z,202,9,2020-03-04T21:43:12Z,C,1157,1621
d2l-ai/d2l-zh,2017-08-23T04:40:24Z,460,9,2020-03-04T17:53:45Z,Python,0,0
go-kit/kit,2015-02-03T00:01:19Z,404,10,2020-03-04T22:45:18Z,Go,387,444
reduxjs/reselect,2015-07-01T11:06:45Z,91,22,2020-03-04T20:54:51Z,JavaScript,231,292
dotnet/aspnetcore,2014-03-11T06:09:42Z,4045,76,2020-03-04T23:26:25Z,C#,12098,14200
less/less.js,2010-02-20T17:25:38Z,401,29,2020-03-04T19:34:14Z,JavaScript,2487,2634
denysdovhan/wtfjs,2017-07-14T15:42:12Z,53,0,2020-03-04T23:44:07Z,JavaScript,27,64
sampotts/plyr,2015-02-14T11:33:07Z,259,67,2020-03-04T22:46:15Z,JavaScript,967,1327
react-spring/react-spring,2018-03-07T15:39:32Z,202,4,2020-03-04T21:47:45Z,JavaScript,582,678
yeasy/docker_practice,2014-09-05T04:06:39Z,224,13,2020-03-04T15:15:31Z,Go,168,172
android/architecture-components-samples,2017-05-09T21:09:14Z,166,0,2020-03-04T14:22:08Z,Kotlin,437,534
CMU-Perceptual-Computing-Lab/openpose,2017-04-24T14:06:31Z,117,13,2020-03-04T20:13:59Z,C++,1270,1286
facebook/rocksdb,2012-11-30T06:16:18Z,540,120,2020-03-04T20:35:19Z,C++,1549,1852
SnapKit/SnapKit,2014-06-05T21:13:40Z,107,11,2020-03-04T19:58:26Z,Swift,414,478
nikitavoloboev/my-mac-os,2016-03-04T12:26:34Z,14,0,2020-03-04T15:45:05Z,CSS,66,67
facebook/fresco,2015-03-02T09:58:04Z,81,40,2020-03-04T18:27:13Z,Java,1983,2078
Wox-launcher/Wox,2013-12-19T15:49:32Z,172,25,2020-03-04T21:08:19Z,C#,1551,2451
twitter/typeahead.js,2013-02-19T19:45:01Z,106,0,2020-03-04T09:40:26Z,JavaScript,903,1309
benweet/stackedit,2013-03-24T13:46:06Z,35,13,2020-03-04T20:14:16Z,JavaScript,959,1480
necolas/react-native-web,2015-06-09T19:25:38Z,15,14,2020-03-04T14:57:44Z,JavaScript,1068,1134
spf13/cobra,2013-09-03T20:40:26Z,284,6,2020-03-04T20:47:21Z,Go,372,531
vlang/v,2019-02-08T02:57:06Z,1592,22,2020-03-04T23:45:51Z,V,1356,1912
ApolloAuto/apollo,2017-07-04T19:03:31Z,7856,8,2020-03-04T17:19:27Z,C++,1573,2156
explosion/spaCy,2014-07-03T15:15:40Z,1191,64,2020-03-04T20:36:35Z,Python,3570,3741
eslint/eslint,2013-06-29T23:59:48Z,4344,206,2020-03-04T11:11:38Z,JavaScript,7530,7662
sebastianbergmann/phpunit,2009-12-24T13:16:23Z,621,33,2020-03-04T23:11:32Z,PHP,2539,2639
adobe-fonts/source-code-pro,2012-08-09T23:14:02Z,42,11,2020-03-04T22:51:32Z,CSS,137,180
matterport/Mask_RCNN,2017-10-19T20:28:34Z,65,3,2020-03-04T22:01:40Z,Python,597,1824
apache/airflow,2015-04-13T18:04:58Z,3875,15,2020-03-04T16:49:16Z,Python,0,0
highlightjs/highlight.js,2011-01-01T23:47:21Z,823,1,2020-03-04T15:53:53Z,JavaScript,1242,1280
lovell/sharp,2013-08-19T20:24:24Z,162,22,2020-03-04T22:57:18Z,JavaScript,1792,1874
palantir/blueprint,2016-10-25T21:17:50Z,1637,110,2020-03-04T21:22:30Z,TypeScript,1557,2022
vuejs/vue-router,2013-12-11T19:37:46Z,491,63,2020-03-04T22:39:30Z,JavaScript,2210,2341
jhipster/generator-jhipster,2013-10-21T20:07:22Z,5097,0,2020-03-04T22:30:28Z,JavaScript,5588,5668
onevcat/Kingfisher,2015-04-06T14:26:21Z,406,130,2020-03-04T10:06:48Z,Swift,854,899
yunjey/pytorch-tutorial,2017-03-10T07:41:47Z,28,0,2020-03-04T23:22:10Z,Python,109,152
facebook/docusaurus,2017-06-20T16:13:53Z,1466,66,2020-03-04T22:42:58Z,JavaScript,679,745
graphql/graphql-js,2015-06-30T12:16:50Z,1442,106,2020-03-04T22:46:20Z,JavaScript,718,793
jamiebuilds/the-super-tiny-compiler,2016-03-11T04:19:18Z,20,0,2020-03-04T22:16:25Z,JavaScript,0,0
goldfire/howler.js,2013-01-28T16:47:12Z,106,20,2020-03-04T22:29:00Z,JavaScript,751,1074
eriklindernoren/ML-From-Scratch,2017-02-05T12:11:23Z,9,0,2020-03-04T13:52:15Z,Python,33,53
servo/servo,2012-02-08T19:07:25Z,12768,0,2020-03-04T23:36:56Z,Rust,7488,10715
vuejs/vuepress,2018-04-05T16:58:38Z,614,5,2020-03-04T21:09:44Z,JavaScript,1135,1338
drduh/macOS-Security-and-Privacy-Guide,2015-08-31T03:36:35Z,125,0,2020-03-04T21:12:05Z,Python,211,213
microsoft/PowerToys,2019-05-01T17:44:02Z,320,7,2020-03-04T22:39:46Z,C++,538,1047
JacksonTian/fks,2012-10-17T05:55:16Z,81,0,2020-03-04T12:41:59Z,JavaScript,17,26
QSCTech/zju-icicles,2016-06-28T16:17:32Z,74,0,2020-03-04T23:26:30Z,C,20,25
jdg/MBProgressHUD,2009-05-31T21:45:41Z,95,0,2020-03-03T17:41:51Z,Objective-C,330,374
getredash/redash,2013-10-28T13:19:39Z,2302,94,2020-03-04T23:32:40Z,JavaScript,1459,1821
alsotang/node-lessons,2014-10-05T09:57:08Z,27,0,2020-03-04T17:53:36Z,JavaScript,43,125
Kotlin/anko,2014-09-18T12:12:23Z,100,26,2020-03-04T13:36:31Z,Kotlin,376,614
mojs/mojs,2014-06-26T08:49:14Z,35,14,2020-03-04T23:39:44Z,JavaScript,116,171
jgraph/drawio,2016-09-06T12:59:15Z,17,366,2020-03-04T22:46:27Z,JavaScript,506,708
ElemeFE/mint-ui,2016-05-17T09:54:10Z,297,11,2020-03-04T09:14:52Z,Vue,977,1212
wekan/wekan,2014-01-21T01:26:28Z,460,93,2020-03-04T21:00:54Z,JavaScript,1625,2214
jashkenas/coffeescript,2009-12-18T01:39:53Z,846,0,2020-03-04T23:26:26Z,CoffeeScript,4016,4047
uikit/uikit,2013-07-18T16:00:26Z,186,149,2020-03-04T16:39:56Z,CSS,2996,3616
CorentinJ/Real-Time-Voice-Cloning,2019-05-26T08:56:15Z,9,0,2020-03-04T23:15:36Z,Python,139,253
immerjs/immer,2017-12-29T12:25:47Z,171,51,2020-03-04T23:34:28Z,JavaScript,321,335
HelloZeroNet/ZeroNet,2015-01-12T00:41:38Z,353,22,2020-03-04T20:50:41Z,Python,1298,1892
hubotio/hubot,2011-08-27T08:30:59Z,508,9,2020-03-04T11:08:08Z,JavaScript,681,741
zeit/pkg,2016-08-08T19:41:59Z,43,22,2020-03-04T22:28:57Z,JavaScript,296,763
nicolargo/glances,2011-12-04T08:49:15Z,351,18,2020-03-04T18:14:19Z,Python,1031,1168
reddit-archive/reddit,2008-06-18T23:30:53Z,18,0,2020-03-04T15:28:24Z,Python,0,0
nosir/cleave.js,2016-05-18T12:45:03Z,128,61,2020-03-04T15:29:26Z,JavaScript,302,406
swoole/swoole-src,2012-07-21T13:49:59Z,647,182,2020-03-04T23:20:12Z,C++,2254,2306
framework7io/framework7,2014-02-23T12:15:53Z,360,130,2020-03-04T10:04:15Z,JavaScript,2881,2972
fabricjs/fabric.js,2010-06-09T22:24:38Z,1339,92,2020-03-04T19:24:33Z,JavaScript,4225,4439
google/flexbox-layout,2016-05-04T08:11:22Z,239,24,2020-03-04T17:15:37Z,Kotlin,195,262
bower/bower,2012-09-07T00:15:39Z,331,36,2020-03-04T20:47:12Z,JavaScript,1691,1893
mbadolato/iTerm2-Color-Schemes,2011-04-01T04:01:46Z,153,0,2020-03-04T21:29:50Z,Shell,47,57
wycats/handlebars.js,2010-07-31T18:54:46Z,293,0,2020-03-04T23:26:27Z,JavaScript,1097,1209
mysqljs/mysql,2010-07-29T14:58:13Z,108,0,2020-03-04T13:11:49Z,JavaScript,1807,1925
hasura/graphql-engine,2018-06-18T07:57:36Z,1365,62,2020-03-04T22:34:27Z,JavaScript,1409,2105
fengdu78/Coursera-ML-AndrewNg-Notes,2017-11-04T10:04:08Z,9,0,2020-03-04T18:21:35Z,HTML,10,44
hashicorp/vault,2015-02-25T00:15:59Z,4349,0,2020-03-04T23:07:41Z,Go,3020,3456
MLEveryday/100-Days-Of-ML-Code,2018-08-05T13:32:48Z,43,0,2020-03-04T11:44:33Z,Jupyter Notebook,38,46
uglide/RedisDesktopManager,2013-08-05T07:51:08Z,223,59,2020-03-04T17:28:26Z,C++,4222,4262
bannedbook/fanqiang,2015-01-14T00:34:25Z,1,0,2020-03-04T18:41:52Z,Rich Text Format,270,439
validatorjs/validator.js,2010-10-06T06:58:48Z,387,4,2020-03-04T21:07:54Z,JavaScript,573,659
android/plaid,2015-10-30T16:10:56Z,366,0,2020-03-04T22:20:35Z,Kotlin,269,327
iissnan/hexo-theme-next,2014-12-01T14:07:07Z,275,18,2020-03-04T18:08:00Z,CSS,1771,1827
apache/kafka,2011-08-15T18:06:16Z,2549,0,2020-03-04T21:54:12Z,Java,0,0
jesseduffield/lazygit,2018-05-19T00:53:06Z,290,81,2020-03-04T22:35:56Z,Go,290,351
shuzheng/zheng,2016-10-04T10:07:06Z,10,0,2020-03-04T10:57:53Z,Java,59,86
wenyan-lang/wenyan,2019-12-08T20:21:32Z,152,11,2020-03-04T21:01:07Z,TypeScript,274,420
jenkinsci/jenkins,2010-11-22T21:21:23Z,3203,34,2020-03-04T19:52:49Z,Java,0,0
google/ExoPlayer,2014-06-13T21:19:18Z,412,0,2020-03-04T15:15:08Z,Java,5827,6188
js-cookie/js-cookie,2015-03-19T15:57:47Z,49,26,2020-03-04T20:54:23Z,JavaScript,393,395
marktext/marktext,2017-11-12T16:05:25Z,721,28,2020-03-04T21:03:45Z,JavaScript,951,1188
winstonjs/winston,2010-12-29T18:49:51Z,343,0,2020-03-04T20:49:21Z,JavaScript,855,1133
eggjs/egg,2016-06-18T06:53:23Z,913,72,2020-03-04T21:00:52Z,JavaScript,3046,3156
psf/black,2018-03-14T19:54:45Z,303,2,2020-03-04T22:19:32Z,Python,659,900
ipader/SwiftGuide,2014-06-14T01:17:57Z,25,0,2020-03-04T09:49:38Z,Swift,27,27
ruanyf/react-demos,2015-03-23T10:50:07Z,16,0,2020-03-04T15:39:38Z,JavaScript,27,27
visionmedia/superagent,2011-04-13T02:29:45Z,393,61,2020-03-04T17:24:11Z,JavaScript,834,947
keystonejs/keystone-classic,2013-07-02T05:01:55Z,1738,16,2020-03-04T03:55:44Z,JavaScript,2149,2446
statsd/statsd,2010-12-30T00:09:50Z,288,0,2020-03-04T22:30:08Z,JavaScript,215,255
phoenixframework/phoenix,2014-01-20T14:14:11Z,1439,20,2020-03-04T15:21:03Z,Elixir,1825,1840
enyo/dropzone,2012-02-12T16:19:18Z,68,31,2020-03-04T23:39:17Z,JavaScript,0,0
HubSpot/pace,2013-09-12T04:24:29Z,28,23,2020-03-04T23:20:13Z,CSS,138,415
kriskowal/q,2010-09-04T01:21:12Z,148,0,2020-03-04T19:00:47Z,JavaScript,446,546
jeromeetienne/AR.js,2017-02-17T10:27:59Z,76,0,2020-03-04T21:47:26Z,HTML,609,609
sebastianruder/NLP-progress,2018-06-22T17:43:55Z,316,2,2020-03-04T21:19:20Z,Python,56,74
Tencent/tinker,2016-09-06T06:57:52Z,58,30,2020-03-04T08:37:03Z,Java,984,1240
StevenBlack/hosts,2012-04-12T20:22:50Z,265,206,2020-03-04T19:01:53Z,Python,752,812
basecamp/trix,2013-08-01T22:21:30Z,106,27,2020-03-04T19:44:00Z,CoffeeScript,539,570
chaozh/awesome-blockchain-cn,2017-03-12T06:02:46Z,7,0,2020-03-04T15:44:54Z,JavaScript,18,25
kon9chunkit/GitHub-Chinese-Top-Charts,2019-09-05T03:01:56Z,0,0,2020-03-04T15:33:40Z,Python,21,65
jasmine/jasmine,2008-12-02T23:46:37Z,267,39,2020-03-04T14:11:08Z,JavaScript,1187,1241
tensorflow/magenta,2016-05-05T20:10:40Z,880,40,2020-03-04T22:28:54Z,Python,441,649
madrobby/zepto,2010-09-20T07:57:57Z,218,18,2020-03-04T18:19:05Z,HTML,678,746
jamiebuilds/react-loadable,2017-03-09T18:41:17Z,105,0,2020-03-04T19:54:00Z,JavaScript,0,0
alibaba/ice,2016-11-03T06:59:15Z,1608,19,2020-03-04T17:01:46Z,JavaScript,1249,1299
FelisCatus/SwitchyOmega,2012-06-08T15:32:30Z,7,51,2020-03-04T16:26:10Z,CoffeeScript,1622,1957
angular-ui/bootstrap,2012-10-05T18:27:01Z,69,5,2020-03-04T21:14:33Z,JavaScript,4185,4455
designmodo/Flat-UI,2013-03-03T15:36:49Z,38,1,2020-03-04T23:39:26Z,CSS,179,188
pcottle/learnGitBranching,2012-08-13T22:36:09Z,302,0,2020-03-04T15:55:34Z,JavaScript,268,301
poteto/hiring-without-whiteboards,2017-03-15T05:09:01Z,806,0,2020-03-04T23:17:09Z,JavaScript,0,0
google/googletest,2015-07-28T15:07:53Z,596,2,2020-03-04T14:54:13Z,C++,1289,1431
PHPMailer/PHPMailer,2011-08-23T07:57:17Z,254,38,2020-03-04T23:20:11Z,PHP,1487,1533
fish-shell/fish-shell,2012-05-10T03:00:55Z,799,26,2020-03-04T19:31:11Z,Shell,4373,4840
libuv/libuv,2013-11-30T00:29:56Z,408,0,2020-03-04T20:06:32Z,C,1068,1143
crystal-lang/crystal,2012-11-27T17:32:32Z,2904,80,2020-03-04T16:59:53Z,Crystal,4094,4929
v8/v8,2014-09-24T15:24:30Z,0,0,2020-03-04T23:28:14Z,C++,0,0
desandro/masonry,2009-11-21T21:04:56Z,10,22,2020-03-04T15:46:14Z,HTML,1042,1068
celery/celery,2009-04-24T11:31:24Z,1175,4,2020-03-04T20:44:13Z,Python,3695,4052
wagerfield/parallax,2013-08-01T15:28:05Z,14,11,2020-03-04T14:28:37Z,JavaScript,200,244
dvajs/dva,2016-06-24T09:06:16Z,195,35,2020-03-04T16:44:42Z,JavaScript,1979,1998
joewalnes/websocketd,2013-02-14T14:52:55Z,81,6,2020-03-04T15:32:20Z,Go,250,274
twbs/ratchet,2012-08-17T05:41:57Z,231,4,2020-03-04T23:39:20Z,CSS,334,536
acdlite/recompose,2015-10-07T05:54:51Z,246,42,2020-03-04T18:20:40Z,JavaScript,373,427
seata/seata,2018-12-28T08:37:22Z,869,26,2020-03-04T15:32:42Z,Java,1012,1225
facebook/folly,2012-06-01T20:49:04Z,3,0,2020-03-04T19:29:28Z,C++,485,656
microsoft/MS-DOS,2018-06-25T18:26:02Z,34,0,2020-03-04T16:43:32Z,Assembly,49,52
nswbmw/N-blog,2013-05-27T06:46:58Z,25,0,2020-03-04T13:13:25Z,JavaScript,419,434
popperjs/popper-core,2016-03-29T17:00:47Z,347,106,2020-03-04T23:28:26Z,JavaScript,577,578
hapijs/joi,2012-09-16T16:38:06Z,354,0,2020-03-04T22:05:25Z,JavaScript,1759,1770
nostalgic-css/NES.css,2018-09-24T01:49:11Z,207,7,2020-03-04T19:20:09Z,CSS,126,147
lenve/vhr,2018-01-04T08:57:51Z,0,0,2020-03-04T17:32:38Z,Java,79,175
rust-unofficial/awesome-rust,2014-07-17T10:45:10Z,709,0,2020-03-04T21:31:51Z,Rust,62,77
jesseduffield/lazydocker,2019-05-18T08:53:50Z,77,24,2020-03-04T19:07:17Z,Go,69,120
yabwe/medium-editor,2013-05-29T17:40:11Z,512,149,2020-03-04T18:48:06Z,JavaScript,599,894
ionic-team/ionicons,2013-10-10T14:34:18Z,35,30,2020-03-04T22:42:17Z,TypeScript,384,677
spf13/spf13-vim,2010-04-20T16:20:16Z,256,0,2020-03-04T15:25:23Z,Vim script,407,719
bazelbuild/bazel,2014-06-12T16:00:38Z,22,83,2020-03-04T23:19:37Z,Java,5290,7371
iview/iview-admin,2017-09-15T10:34:27Z,90,30,2020-03-04T14:01:11Z,Vue,600,1150
airbnb/react-sketchapp,2017-04-21T18:27:39Z,167,22,2020-03-04T22:19:30Z,TypeScript,248,275
infernojs/inferno,2015-02-01T22:07:38Z,528,158,2020-03-04T22:53:01Z,JavaScript,782,813
commaai/openpilot,2016-11-24T01:33:30Z,372,18,2020-03-04T23:19:38Z,C++,354,388
cocos2d/cocos2d-x,2010-11-18T23:17:00Z,12318,0,2020-03-04T18:32:08Z,C++,3489,4749
facebook/relay,2015-08-10T22:09:16Z,107,54,2020-03-04T23:22:00Z,JavaScript,1373,1557
altercation/solarized,2011-02-18T05:18:27Z,21,0,2020-03-04T21:36:16Z,Vim script,95,244
reduxjs/redux-thunk,2015-07-13T13:33:08Z,47,12,2020-03-04T21:39:39Z,JavaScript,174,176
android10/Android-CleanArchitecture,2014-08-19T14:09:26Z,13,0,2020-03-04T11:41:48Z,Java,120,243
briannesbitt/Carbon,2012-09-08T02:56:20Z,857,148,2020-03-04T21:36:05Z,PHP,866,871
binux/pyspider,2014-02-21T19:18:47Z,89,13,2020-03-04T15:13:10Z,Python,537,783
riot/riot,2013-09-27T05:21:01Z,436,52,2020-03-04T22:56:10Z,JavaScript,2056,2058
Tencent/mars,2016-12-12T04:39:54Z,46,6,2020-03-04T10:24:34Z,C++,528,676
PostgREST/postgrest,2014-06-13T00:23:00Z,432,25,2020-03-04T11:55:35Z,Haskell,817,912
Binaryify/NeteaseCloudMusicApi,2016-06-22T11:58:03Z,61,70,2020-03-04T17:33:53Z,JavaScript,586,621
portainer/portainer,2016-05-19T20:15:28Z,974,70,2020-03-04T19:30:13Z,HTML,1808,2417
machinelearningmindset/TensorFlow-Course,2018-10-02T18:10:12Z,7,1,2020-03-04T22:19:09Z,Python,9,9
ipython/ipython,2010-05-10T04:46:06Z,4901,28,2020-03-04T20:58:12Z,Python,5022,6275
charlax/professional-programming,2015-11-07T05:07:52Z,18,0,2020-03-04T16:24:42Z,Shell,7,7
sirupsen/logrus,2013-10-16T19:08:55Z,352,7,2020-03-04T17:52:06Z,Go,388,492
chalk/chalk,2013-08-03T00:20:12Z,73,16,2020-03-04T03:04:34Z,JavaScript,246,255
hackiftekhar/IQKeyboardManager,2013-08-25T11:32:48Z,99,75,2020-03-04T22:31:03Z,Objective-C,1500,1521
facebook/prepack,2015-10-28T23:25:08Z,500,43,2020-03-04T19:27:52Z,JavaScript,561,767
tsenart/vegeta,2013-08-13T11:45:21Z,124,60,2020-03-04T23:39:58Z,Go,282,312
YMFE/yapi,2016-05-30T09:09:09Z,96,0,2020-03-04T14:43:25Z,JavaScript,727,1486
zhaoolee/ChromeAppHeroes,2019-02-07T06:35:24Z,7,0,2020-03-04T15:03:24Z,JavaScript,27,35
libra/libra,2019-04-02T21:51:45Z,469,0,2020-03-04T23:42:06Z,Rust,355,577
acgotaku/BaiduExporter,2014-07-07T07:37:07Z,53,10,2020-03-04T22:25:07Z,JavaScript,614,623
nuysoft/Mock,2013-04-26T08:06:57Z,7,14,2020-03-04T14:25:47Z,JavaScript,129,363
material-components/material-components-web,2016-12-05T16:04:09Z,2578,3,2020-03-04T17:39:41Z,TypeScript,2114,2394
electron-react-boilerplate/electron-react-boilerplate,2015-05-18T09:54:57Z,590,38,2020-03-04T20:10:08Z,TypeScript,1088,1119
adam-golab/react-developer-roadmap,2018-06-16T13:40:50Z,26,0,2020-03-04T16:34:04Z,JavaScript,16,37
Shopify/draggable,2017-09-27T15:31:23Z,95,9,2020-03-04T23:39:53Z,JavaScript,123,221
wangshub/wechat_jump_game,2017-12-29T02:00:19Z,146,2,2020-03-04T13:32:27Z,Python,958,984
qiurunze123/miaosha,2018-09-14T04:36:24Z,8,0,2020-03-04T15:46:14Z,Java,28,38
google/flatbuffers,2014-05-19T18:33:01Z,797,16,2020-03-04T18:31:55Z,C++,1075,1258
wangzheng0822/algo,2018-09-24T05:33:46Z,321,0,2020-03-04T15:47:34Z,Python,16,92
angular-ui/ui-router,2013-01-18T20:26:29Z,294,54,2020-03-04T12:04:34Z,TypeScript,3143,3157
quasarframework/quasar,2015-10-05T15:45:36Z,1948,247,2020-03-04T22:58:05Z,JavaScript,3864,4050
mxgmn/WaveFunctionCollapse,2016-09-30T11:53:17Z,16,0,2020-03-04T22:13:01Z,C#,31,33
elastic/kibana,2013-01-26T04:00:59Z,32659,21,2020-03-04T21:36:00Z,TypeScript,16472,22379
dennybritz/reinforcement-learning,2016-08-24T17:02:41Z,58,0,2020-03-04T15:15:13Z,Jupyter Notebook,54,139
fbsamples/f8app,2016-03-10T21:45:12Z,43,0,2020-03-03T22:46:16Z,JavaScript,187,202
trekhleb/homemade-machine-learning,2018-11-01T04:34:19Z,2,0,2020-03-04T11:40:29Z,Jupyter Notebook,7,18
nfarina/homebridge,2014-12-01T16:37:39Z,207,0,2020-03-04T23:39:47Z,JavaScript,2049,2162
rancher/rancher,2014-11-07T20:49:31Z,3647,466,2020-03-04T22:28:49Z,Go,19091,21504
svg/svgo,2012-08-22T10:41:43Z,200,34,2020-03-04T18:43:19Z,JavaScript,623,885
iptv-org/iptv,2018-11-14T22:00:57Z,758,0,2020-03-04T21:27:51Z,JavaScript,153,198
realm/realm-cocoa,2012-04-16T20:06:56Z,2059,140,2020-03-04T20:52:49Z,Objective-C,3479,3913
laurent22/joplin,2017-01-16T21:49:41Z,491,112,2020-03-04T23:35:14Z,JavaScript,1780,1959
fastify/fastify,2016-09-28T19:10:14Z,1048,130,2020-03-04T23:19:20Z,JavaScript,796,846
janl/mustache.js,2009-10-04T23:41:19Z,150,15,2020-03-04T22:58:35Z,JavaScript,364,420
jsdom/jsdom,2010-01-19T06:55:19Z,656,17,2020-03-04T18:48:21Z,JavaScript,1453,1729
PerfectlySoft/Perfect,2015-10-02T18:20:08Z,74,1,2020-03-02T11:23:26Z,Swift,133,182
yudai/gotty,2015-08-16T09:48:33Z,33,16,2020-03-04T17:23:23Z,Go,117,185
eligrey/FileSaver.js,2011-07-15T03:27:54Z,64,13,2020-03-04T23:07:38Z,JavaScript,431,498
luong-komorebi/Awesome-Linux-Software,2016-08-06T13:16:29Z,359,0,2020-03-04T20:23:19Z,Python,91,98
FormidableLabs/webpack-dashboard,2016-08-14T17:44:33Z,84,22,2020-03-03T07:45:54Z,JavaScript,173,204
tqdm/tqdm,2015-06-03T13:13:14Z,175,79,2020-03-04T22:22:58Z,Python,386,587
huge-success/sanic,2016-05-26T04:38:22Z,773,26,2020-03-04T16:06:03Z,Python,797,851
MengTo/Spring,2014-12-26T14:57:02Z,60,0,2020-03-04T17:07:55Z,Swift,88,219
WordPress/WordPress,2011-12-01T07:05:17Z,0,0,2020-03-04T21:38:16Z,PHP,0,0
0xd4d/dnSpy,2015-07-01T16:05:10Z,46,1,2020-03-04T21:32:23Z,C#,1186,1315
Carthage/Carthage,2014-10-10T19:54:55Z,917,70,2020-03-04T13:55:47Z,Swift,1696,1845
DrKLO/Telegram,2013-10-25T14:08:10Z,16,15,2020-03-04T18:51:38Z,Java,0,0
tj/git-extras,2010-08-04T16:32:07Z,414,14,2020-03-04T14:10:19Z,Shell,212,298
ampproject/amphtml,2015-09-01T22:10:53Z,13620,477,2020-03-04T23:23:44Z,JavaScript,8675,10348
Awesome-HarmonyOS/HarmonyOS,2019-08-09T11:24:00Z,13,0,2020-03-04T19:47:02Z,C,0,0
norvig/pytudes,2017-03-01T05:43:35Z,41,0,2020-03-04T17:13:25Z,Jupyter Notebook,10,20
go-delve/delve,2014-05-20T19:24:43Z,651,6,2020-03-04T21:27:41Z,Go,933,1025
golang-standards/project-layout,2017-09-09T16:33:26Z,12,0,2020-03-04T22:40:52Z,Makefile,9,40
GeekyAnts/NativeBase,2016-04-15T11:37:23Z,452,82,2020-03-04T23:48:56Z,JavaScript,2203,2396
websockets/ws,2011-11-09T22:32:45Z,437,54,2020-03-04T20:54:44Z,JavaScript,1104,1112
ibireme/YYKit,2013-04-10T19:47:33Z,32,0,2020-03-04T15:50:59Z,Objective-C,239,476
recharts/recharts,2015-08-07T06:50:27Z,226,0,2020-03-04T21:36:36Z,TypeScript,1147,1722
CarGuo/GSYVideoPlayer,2016-11-13T12:34:31Z,10,15,2020-03-04T16:45:04Z,Java,2464,2478
yaronn/blessed-contrib,2015-01-14T14:18:07Z,63,0,2020-03-04T23:28:14Z,JavaScript,54,111
TKkk-iOSer/WeChatPlugin-MacOS,2017-04-20T14:37:37Z,7,15,2020-03-04T16:08:16Z,Objective-C,423,553
amazeui/amazeui,2014-08-04T14:23:37Z,418,25,2020-03-04T23:04:20Z,JavaScript,563,699
halo-dev/halo,2018-03-21T12:56:52Z,106,47,2020-03-04T16:59:01Z,Java,404,453
apache/incubator-weex,2017-01-06T08:00:06Z,1683,5,2020-03-04T10:42:29Z,C++,677,801
vim-airline/vim-airline,2013-06-30T18:49:56Z,484,11,2020-03-04T15:08:44Z,Vim script,1426,1447
angular/angular-seed,2010-12-24T06:07:50Z,10,0,2020-03-04T16:15:39Z,JavaScript,203,212
apollographql/apollo-client,2016-02-26T20:25:00Z,2702,1,2020-03-04T19:19:45Z,TypeScript,2160,2578
yiisoft/yii2,2012-02-13T15:32:36Z,4288,47,2020-03-04T23:20:12Z,PHP,10080,10547
geeeeeeeeek/electronic-wechat,2016-02-18T09:09:53Z,59,7,2020-03-04T23:20:15Z,JavaScript,396,593
facebookarchive/AsyncDisplayKit,2014-06-27T05:29:02Z,1662,27,2020-03-04T18:09:17Z,Objective-C++,1343,1365
ccgus/fmdb,2010-07-06T22:50:17Z,138,4,2020-03-04T14:08:49Z,Objective-C,304,518
prisma-archive/chromeless,2017-06-01T16:11:11Z,88,7,2020-03-04T22:36:43Z,TypeScript,160,332
cool-RR/PySnooper,2019-04-18T13:55:43Z,53,0,2020-03-04T15:12:54Z,Python,80,93
ccxt/ccxt,2017-05-14T15:41:56Z,1980,0,2020-03-04T23:22:33Z,JavaScript,3849,4193
handsontable/handsontable,2011-05-23T22:38:58Z,470,173,2020-03-04T21:37:26Z,JavaScript,5066,5800
SpaceVim/SpaceVim,2016-12-26T04:40:55Z,1601,14,2020-03-04T23:47:39Z,Vim script,1632,1659
mozilla/DeepSpeech,2016-06-02T15:04:53Z,995,51,2020-03-04T23:28:26Z,C++,1528,1594
cayleygraph/cayley,2014-06-05T18:49:41Z,358,15,2020-03-04T22:04:42Z,Go,385,456
urfave/cli,2013-07-13T19:32:06Z,443,18,2020-03-04T22:24:45Z,Go,424,492
didi/DoraemonKit,2018-08-14T10:32:07Z,113,3,2020-03-04T11:14:13Z,Java,249,273
vurtun/nuklear,2015-03-25T13:32:06Z,201,0,2020-03-04T22:13:00Z,C,451,659
lgvalle/Material-Animations,2015-03-08T20:54:00Z,12,0,2020-03-04T17:03:54Z,Java,27,40
fivethirtyeight/data,2014-03-17T13:49:17Z,41,0,2020-03-04T23:52:51Z,Jupyter Notebook,72,100
frappe/charts,2017-10-26T10:13:21Z,50,4,2020-03-04T14:53:06Z,JavaScript,93,180
source-foundry/Hack,2015-06-21T22:47:58Z,58,15,2020-03-04T22:44:01Z,Shell,333,428
syhyz1990/baiduyun,2018-03-23T02:04:43Z,2,0,2020-03-04T17:34:36Z,JavaScript,378,409
cmusatyalab/openface,2015-09-16T12:47:27Z,38,4,2020-03-04T20:49:48Z,Lua,362,364
golang/dep,2016-10-07T00:04:51Z,681,12,2020-03-03T17:43:53Z,Go,1085,1347
CoderMJLee/MJRefresh,2014-05-23T16:22:32Z,78,24,2020-03-04T12:17:47Z,Objective-C,1202,1223
browserify/browserify,2010-09-22T16:11:32Z,220,12,2020-03-04T10:28:09Z,JavaScript,1094,1408
you-dont-need/You-Dont-Need-JavaScript,2016-07-05T07:30:42Z,42,0,2020-03-04T19:08:01Z,CSS,9,34
google/fonts,2015-02-11T23:34:54Z,882,0,2020-03-04T18:04:02Z,HTML,566,1216
react-dnd/react-dnd,2014-10-19T13:29:28Z,707,120,2020-03-04T09:38:17Z,TypeScript,1111,1202
realm/SwiftLint,2015-05-16T16:59:31Z,1196,74,2020-03-04T22:31:00Z,Swift,1268,1594
bitcoinbook/bitcoinbook,2013-08-11T23:18:28Z,245,3,2020-03-04T15:45:59Z,Python,189,259
strongloop/loopback,2013-04-09T16:02:18Z,795,3,2020-03-04T21:56:07Z,JavaScript,3223,3246
wuyouzhuguli/SpringAll,2018-05-02T02:48:44Z,1,0,2020-03-04T12:51:14Z,Java,21,25
numpy/numpy,2010-09-13T23:02:39Z,5899,48,2020-03-04T19:03:30Z,C,6360,8184
marcuswestin/WebViewJavascriptBridge,2011-08-28T02:25:27Z,77,0,2020-03-04T19:18:38Z,Objective-C,196,255
salomonelli/best-resume-ever,2017-01-30T23:02:00Z,134,0,2020-03-04T19:09:54Z,Vue,86,112
dotnet/core,2014-11-18T00:44:57Z,941,91,2020-03-04T19:49:38Z,Shell,2828,3024
preservim/nerdtree,2008-03-10T07:34:08Z,246,0,2020-03-04T16:14:10Z,Vim script,737,743
Eugeny/terminus,2016-12-23T09:06:10Z,575,89,2020-03-04T23:03:45Z,TypeScript,1056,1326
spotify/luigi,2012-09-20T15:06:38Z,1685,46,2020-03-04T09:04:43Z,Python,782,821
menzi11/BullshitGenerator,2019-10-28T17:05:51Z,7,0,2020-03-04T20:47:08Z,JavaScript,24,127
haoel/leetcode,2014-10-20T03:22:04Z,75,0,2020-03-04T22:27:43Z,C++,34,50
alibaba/easyexcel,2018-02-06T03:14:08Z,28,1,2020-03-04T16:07:52Z,Java,931,1033
pshihn/rough,2016-12-13T09:12:55Z,38,15,2020-03-04T10:12:25Z,TypeScript,66,84
bokeh/bokeh,2012-03-26T15:40:01Z,3464,0,2020-03-04T22:43:52Z,Python,5289,5754
substack/stream-handbook,2012-08-26T07:24:04Z,14,0,2020-03-04T15:05:21Z,JavaScript,11,46
dotnet-architecture/eShopOnContainers,2016-10-05T22:35:23Z,280,7,2020-03-04T23:43:37Z,C#,756,805
so-fancy/diff-so-fancy,2016-02-04T11:32:08Z,117,30,2020-03-04T15:49:27Z,Perl,189,207
mybatis/mybatis-3,2013-02-14T19:03:32Z,572,31,2020-03-04T22:46:03Z,Java,865,968
aFarkas/lazysizes,2014-10-11T21:03:26Z,50,89,2020-03-04T23:39:46Z,JavaScript,526,659
hwdsl2/setup-ipsec-vpn,2016-01-07T16:44:12Z,10,0,2020-03-04T23:18:56Z,Shell,672,688
oblador/react-native-vector-icons,2015-05-15T16:38:57Z,125,55,2020-03-04T22:58:25Z,JavaScript,675,915
facebook/yoga,2014-04-07T01:37:37Z,102,24,2020-03-04T19:27:56Z,C++,258,447
marcuswestin/store.js,2010-06-27T20:29:33Z,55,0,2020-03-04T19:01:53Z,JavaScript,147,211
pubkey/rxdb,2016-12-02T19:34:42Z,1332,45,2020-03-04T23:12:12Z,TypeScript,351,355
swisskyrepo/PayloadsAllTheThings,2016-10-18T07:29:07Z,119,1,2020-03-04T23:13:55Z,Python,19,32
grab/front-end-guide,2017-04-24T02:06:06Z,14,0,2020-03-04T19:24:18Z,JavaScript,8,9
pouchdb/pouchdb,2010-06-10T18:34:24Z,1387,63,2020-03-04T21:26:07Z,JavaScript,3814,3857
maxwellito/vivus,2014-05-13T22:22:18Z,29,14,2020-03-04T23:39:43Z,JavaScript,172,179
vadimdemedes/ink,2017-06-12T06:12:28Z,80,23,2020-03-04T22:36:07Z,JavaScript,114,148
youzan/vant,2017-04-19T07:55:31Z,2126,2,2020-03-04T17:11:47Z,JavaScript,3507,3530
iperov/DeepFaceLab,2018-06-04T13:10:00Z,28,2,2020-03-04T23:22:35Z,Python,354,561
hdodenhof/CircleImageView,2014-01-17T16:44:46Z,13,0,2020-03-04T09:43:20Z,Java,310,315
matomo-org/matomo,2011-03-30T21:18:17Z,3655,448,2020-03-04T22:12:59Z,PHP,9060,10759
twbs/bootstrap-sass,2011-09-06T18:58:49Z,139,13,2020-03-04T08:51:58Z,Ruby,811,819
flatpickr/flatpickr,2015-08-10T23:52:45Z,318,129,2020-03-04T19:21:49Z,TypeScript,1312,1622
foreversd/forever,2010-09-27T15:47:23Z,85,0,2020-03-04T16:25:31Z,JavaScript,585,879
tj/n,2011-01-05T14:53:19Z,124,28,2020-03-04T23:34:15Z,Shell,398,400
tensorflow/tfjs,2018-03-05T05:41:02Z,726,17,2020-03-04T23:08:50Z,TypeScript,1534,1969
xuxueli/xxl-job,2015-11-28T12:59:34Z,64,28,2020-03-04T17:00:00Z,Java,1224,1296
dianping/cat,2012-12-05T02:31:48Z,857,0,2020-03-04T23:26:28Z,Java,907,966
signalapp/Signal-Android,2011-12-15T20:01:12Z,236,0,2020-03-04T22:49:41Z,Java,6807,7280
winterbe/java8-tutorial,2014-03-16T17:25:43Z,10,0,2020-03-04T16:29:13Z,Java,0,0
textmate/textmate,2012-08-08T16:25:52Z,86,177,2020-03-04T23:47:55Z,Objective-C++,0,0
nikic/PHP-Parser,2011-04-18T17:03:47Z,119,53,2020-03-04T21:36:05Z,PHP,363,406
alibaba/canal,2013-01-13T10:59:52Z,309,19,2020-03-04T17:07:09Z,Java,1851,2209
philc/vimium,2009-09-20T07:08:19Z,570,0,2020-03-04T23:42:11Z,CoffeeScript,1913,2560
chriskempson/tomorrow-theme,2011-02-14T15:43:03Z,131,0,2020-03-04T10:37:40Z,CSS,76,156
sqlitebrowser/sqlitebrowser,2014-05-04T01:54:44Z,332,30,2020-03-04T20:42:13Z,C++,1400,1751
react-native-community/lottie-react-native,2017-01-27T18:24:50Z,114,0,2020-03-04T23:39:53Z,Java,397,456
nginx-proxy/nginx-proxy,2014-05-05T17:01:40Z,172,0,2020-03-04T22:12:48Z,Python,531,1025
nfl/react-helmet,2015-06-18T00:07:34Z,140,1,2020-03-04T20:24:51Z,JavaScript,201,309
adobe-webplatform/Snap.svg,2013-08-15T20:51:34Z,41,0,2020-03-04T23:39:33Z,JavaScript,284,520
docsifyjs/docsify,2016-11-20T07:55:43Z,262,6,2020-03-04T20:14:00Z,JavaScript,624,706
zyedidia/micro,2016-03-11T02:06:28Z,372,24,2020-03-04T23:46:21Z,Go,832,1089
dgraph-io/dgraph,2015-08-25T07:15:56Z,1745,54,2020-03-04T23:35:14Z,Go,1821,2029
erusev/parsedown,2013-07-10T20:23:25Z,123,25,2020-03-04T21:36:00Z,PHP,441,491
philipwalton/solved-by-flexbox,2013-08-31T23:04:51Z,22,0,2020-03-04T14:59:15Z,CSS,69,90
getify/Functional-Light-JS,2016-08-17T01:40:50Z,38,0,2020-03-04T22:57:43Z,JavaScript,100,115
Kong/insomnia,2016-04-23T03:54:26Z,425,79,2020-03-04T23:48:15Z,JavaScript,1251,1509
scala/scala,2011-12-01T05:02:34Z,6645,52,2020-03-04T22:46:41Z,Scala,0,0
processing/p5.js,2013-02-26T03:14:47Z,1482,68,2020-03-04T22:31:03Z,JavaScript,2458,2528
